Date,Campaign ID,Campaign name,Campaign currency code,Campaign budget amount,Campaign budget type,Campaign delivery status,Budget currency,Impressions,Clicks,Total cost,Sales,Purchases,Units sold,Purchases (new to brand),Sales (new to brand),Units sold (new to brand),Detail page views,Brand store page views,Add to cart,5-second views (video ad),Complete views (video ad),Viewable impressions
"Dec 01, 2025","=""353873361287335""",B2B - B.Keyword.Store.SB.UPS.StoreSpotlight,,250,DAILY_BUDGET,ENABLED,USD,542,3,5.56,0.0,0,0,0,0.0,0,12,7,0,0,0,232
"Dec 14, 2025","=""517243732232070""",B.RSOV.Products.SB.UPS.1500units,,14507,LIFETIME_BUDGET,ENABLED,USD,1072,29,0.0,967.7,5,6,4,767.75,5,66,39,9,0,0,836
"Dec 13, 2025","=""335733425531216""",N.Keyword.Video.SB.UPS.PFCSinewave.CP1500PFCLCD.B00429N19W,,250,DAILY_BUDGET,ENABLED,USD,4801,37,103.71,581.9,2,2,2,581.9,2,91,11,16,698,222,974
"Dec 28, 2025","=""293529288726869""",B.Keyword.Video.SB.UPS.PFCSinewave.CP1500PFCLCD.B00429N19W,,250,DAILY_BUDGET,ENABLED,USD,66,1,1.01,60.9,1,1,1,60.9,1,24,3,4,10,3,8
"Dec 16, 2025","=""425328024590643""",C.Keyword.Products.SB.UPS.1500units,,250,DAILY_BUDGET,ENABLED,USD,12635,57,131.35,1627.2,9,10,7,1267.3,8,118,29,17,0,0,4503
"Dec 02, 2025","=""362619829731385""",B.Keyword.Video.SB.UPS.IntelligentLCD.CP1500AVRLCD3.B0BCMLLSHL,,250,DAILY_BUDGET,ENABLED,USD,3476,41,300.37,1717.59,8,9,7,1517.64,8,111,5,9,454,85,681
"Dec 27, 2025","=""425328024590643""",C.Keyword.Products.SB.UPS.1500units,,250,DAILY_BUDGET,ENABLED,USD,11381,48,151.7,1387.7,6,6,4,919.8,4,78,19,9,0,0,3497
"Dec 26, 2025","=""300358990869228""",B.Keyword.Store.SB.UPS.StoreSpotlight,,250,DAILY_BUDGET,ENABLED,USD,387,2,5.4,529.65,6,7,4,299.8,4,72,4,15,0,0,246
"Dec 04, 2025","=""288898439745613""",B2B - N.Keyword.Products.SB.UPS.1500units,,250,DAILY_BUDGET,ENABLED,USD,0,0,0.0,0.0,0,0,0,0.0,0,0,0,0,0,0,0
"Dec 24, 2025","=""516203922618177""",N.Keyword.Store.SB.UPS.StoreSpotlight,,250,DAILY_BUDGET,ENABLED,USD,42723,141,411.97,3937.03,20,21,15,2957.33,15,303,197,34,0,0,11101
"Dec 24, 2025","=""425328024590643""",C.Keyword.Products.SB.UPS.1500units,,250,DAILY_BUDGET,ENABLED,USD,6000,23,75.94,427.9,2,2,1,199.95,1,64,5,7,0,0,2031
"Dec 03, 2025","=""517243732232070""",B.RSOV.Products.SB.UPS.1500units,,14507,LIFETIME_BUDGET,ENABLED,USD,1209,32,0.0,1141.75,2,5,1,341.95,1,86,31,14,0,0,944
"Dec 05, 2025","=""517243732232070""",B.RSOV.Products.SB.UPS.1500units,,14507,LIFETIME_BUDGET,ENABLED,USD,1085,21,0.0,3762.89,10,15,3,928.04,4,80,17,10,0,0,843
"Dec 31, 2025","=""490434522578484""",C.Keyword.Video.SB.UPS.PFCSinewave.CP1500PFCLCD.B00429N19W,,250,DAILY_BUDGET,ENABLED,USD,398,0,0.0,0.0,0,0,0,0.0,0,0,0,0,63,21,86
"Dec 27, 2025","=""84817009251939""",C.Keyword.Video.SB.PFCSinewave.CP1500PFCRM2U.B0B354X985,,250,DAILY_BUDGET,ENABLED,USD,2734,14,48.47,341.95,1,1,0,0.0,0,23,2,1,332,60,530
"Dec 04, 2025","=""293529288726869""",B.Keyword.Video.SB.UPS.PFCSinewave.CP1500PFCLCD.B00429N19W,,250,DAILY_BUDGET,ENABLED,USD,97,0,0.0,0.0,0,0,0,0.0,0,0,0,0,24,2,34
"Dec 12, 2025","=""517243732232070""",B.RSOV.Products.SB.UPS.1500units,,14507,LIFETIME_BUDGET,ENABLED,USD,916,28,0.0,1514.57,9,10,6,1278.62,7,111,23,16,0,0,726
"Dec 04, 2025","=""369323377946560""",B2B - N.Keyword.Store.SB.UPS.StoreSpotlight,,250,DAILY_BUDGET,ENABLED,USD,0,0,0.0,0.0,0,0,0,0.0,0,0,0,0,0,0,0
"Dec 09, 2025","=""516203922618177""",N.Keyword.Store.SB.UPS.StoreSpotlight,,250,DAILY_BUDGET,ENABLED,USD,110250,246,713.15,6868.44,33,39,28,6025.69,34,567,343,56,0,0,28434
"Dec 10, 2025","=""293529288726869""",B.Keyword.Video.SB.UPS.PFCSinewave.CP1500PFCLCD.B00429N19W,,250,DAILY_BUDGET,ENABLED,USD,97,2,3.25,0.0,0,0,0,0.0,0,21,0,1,25,6,31
"Dec 20, 2025","=""362619829731385""",B.Keyword.Video.SB.UPS.IntelligentLCD.CP1500AVRLCD3.B0BCMLLSHL,,250,DAILY_BUDGET,ENABLED,USD,2246,17,87.8,519.85,3,3,3,519.85,3,43,9,3,268,50,409
"Dec 21, 2025","=""335733425531216""",N.Keyword.Video.SB.UPS.PFCSinewave.CP1500PFCLCD.B00429N19W,,250,DAILY_BUDGET,ENABLED,USD,3956,26,78.59,239.95,1,1,1,239.95,1,58,11,4,518,175,793
"Dec 03, 2025","=""362619829731385""",B.Keyword.Video.SB.UPS.IntelligentLCD.CP1500AVRLCD3.B0BCMLLSHL,,250,DAILY_BUDGET,ENABLED,USD,3122,29,268.95,399.9,2,2,2,399.9,2,80,8,4,440,74,608
"Dec 10, 2025","=""335733425531216""",N.Keyword.Video.SB.UPS.PFCSinewave.CP1500PFCLCD.B00429N19W,,250,DAILY_BUDGET,ENABLED,USD,7279,53,152.65,2625.4,12,16,7,1493.65,11,130,19,21,1125,337,1632
"Dec 31, 2025","=""517243732232070""",B.RSOV.Products.SB.UPS.1500units,,14507,LIFETIME_BUDGET,ENABLED,USD,1159,24,0.0,482.8,4,4,3,444.85,3,93,31,13,0,0,872
"Dec 29, 2025","=""335733425531216""",N.Keyword.Video.SB.UPS.PFCSinewave.CP1500PFCLCD.B00429N19W,,250,DAILY_BUDGET,ENABLED,USD,10428,89,261.82,5287.4,17,20,12,3091.4,12,232,36,27,1791,542,2483
"Dec 13, 2025","=""517243732232070""",B.RSOV.Products.SB.UPS.1500units,,14507,LIFETIME_BUDGET,ENABLED,USD,903,23,0.0,494.84,4,4,4,494.84,4,85,28,7,0,0,682
"Dec 04, 2025","=""490434522578484""",C.Keyword.Video.SB.UPS.PFCSinewave.CP1500PFCLCD.B00429N19W,,250,DAILY_BUDGET,ENABLED,USD,466,1,7.46,0.0,0,0,0,0.0,0,1,0,0,54,11,84
"Dec 18, 2025","=""490434522578484""",C.Keyword.Video.SB.UPS.PFCSinewave.CP1500PFCLCD.B00429N19W,,250,DAILY_BUDGET,ENABLED,USD,283,0,0.0,0.0,0,0,0,0.0,0,0,0,0,35,6,50
"Dec 15, 2025","=""288898439745613""",B2B - N.Keyword.Products.SB.UPS.1500units,,250,DAILY_BUDGET,ENABLED,USD,0,0,0.0,0.0,0,0,0,0.0,0,0,0,0,0,0,0
"Dec 02, 2025","=""335733425531216""",N.Keyword.Video.SB.UPS.PFCSinewave.CP1500PFCLCD.B00429N19W,,250,DAILY_BUDGET,ENABLED,USD,5060,29,78.07,159.99,1,1,1,159.99,1,73,12,7,738,210,1058
"Dec 11, 2025","=""293529288726869""",B.Keyword.Video.SB.UPS.PFCSinewave.CP1500PFCLCD.B00429N19W,,250,DAILY_BUDGET,ENABLED,USD,75,1,0.88,0.0,0,0,0,0.0,0,1,2,0,12,4,11
"Dec 16, 2025","=""293529288726869""",B.Keyword.Video.SB.UPS.PFCSinewave.CP1500PFCLCD.B00429N19W,,250,DAILY_BUDGET,ENABLED,USD,59,0,0.0,0.0,0,0,0,0.0,0,0,0,0,8,2,12
"Dec 02, 2025","=""450441693358033""",B2B - B.Keyword.Products.SB.UPS.1500units,,250,DAILY_BUDGET,ENABLED,USD,131,0,0.0,0.0,0,0,0,0.0,0,0,0,0,0,0,23
"Dec 15, 2025","=""501364882562485""",C.Keyword.Video.SB.UPS.IntelligentLCD.CP1500AVRLCD3.B0BCMLLSHL,,250,DAILY_BUDGET,ENABLED,USD,310,0,0.0,0.0,0,0,0,0.0,0,0,0,0,23,3,38
"Dec 16, 2025","=""501364882562485""",C.Keyword.Video.SB.UPS.IntelligentLCD.CP1500AVRLCD3.B0BCMLLSHL,,250,DAILY_BUDGET,ENABLED,USD,318,2,1.95,119.95,1,1,1,119.95,1,4,0,2,19,3,37
"Dec 19, 2025","=""293529288726869""",B.Keyword.Video.SB.UPS.PFCSinewave.CP1500PFCLCD.B00429N19W,,250,DAILY_BUDGET,ENABLED,USD,69,0,0.0,0.0,0,0,0,0.0,0,0,0,0,20,8,24
"Dec 08, 2025","=""335733425531216""",N.Keyword.Video.SB.UPS.PFCSinewave.CP1500PFCLCD.B00429N19W,,250,DAILY_BUDGET,ENABLED,USD,7395,62,168.03,2140.75,5,5,4,1798.8,4,174,32,17,1067,326,1543
"Dec 20, 2025","=""517243732232070""",B.RSOV.Products.SB.UPS.1500units,,14507,LIFETIME_BUDGET,ENABLED,USD,1075,25,0.0,569.85,3,3,3,569.85,3,89,23,6,0,0,814
"Dec 27, 2025","=""300358990869228""",B.Keyword.Store.SB.UPS.StoreSpotlight,,250,DAILY_BUDGET,ENABLED,USD,401,4,7.06,1034.85,8,11,4,797.39,5,124,15,13,0,0,265
"Dec 31, 2025","=""293529288726869""",B.Keyword.Video.SB.UPS.PFCSinewave.CP1500PFCLCD.B00429N19W,,250,DAILY_BUDGET,ENABLED,USD,22,0,0.0,0.0,0,0,0,0.0,0,0,0,0,2,1,4
"Dec 06, 2025","=""501364882562485""",C.Keyword.Video.SB.UPS.IntelligentLCD.CP1500AVRLCD3.B0BCMLLSHL,,250,DAILY_BUDGET,ENABLED,USD,379,0,0.0,0.0,0,0,0,0.0,0,0,0,0,46,12,60
"Dec 06, 2025","=""288898439745613""",B2B - N.Keyword.Products.SB.UPS.1500units,,250,DAILY_BUDGET,ENABLED,USD,0,0,0.0,0.0,0,0,0,0.0,0,0,0,0,0,0,0
"Dec 30, 2025","=""293529288726869""",B.Keyword.Video.SB.UPS.PFCSinewave.CP1500PFCLCD.B00429N19W,,250,DAILY_BUDGET,ENABLED,USD,62,0,0.0,0.0,0,0,0,0.0,0,0,0,0,13,3,21
"Dec 14, 2025","=""362619829731385""",B.Keyword.Video.SB.UPS.IntelligentLCD.CP1500AVRLCD3.B0BCMLLSHL,,250,DAILY_BUDGET,ENABLED,USD,2362,24,171.64,639.85,3,3,2,439.9,2,85,4,7,291,61,463
"Dec 01, 2025","=""516203922618177""",N.Keyword.Store.SB.UPS.StoreSpotlight,,250,DAILY_BUDGET,ENABLED,USD,133901,451,1486.91,7625.8,40,44,31,5796.25,35,679,609,79,0,0,33340
"Dec 02, 2025","=""293529288726869""",B.Keyword.Video.SB.UPS.PFCSinewave.CP1500PFCLCD.B00429N19W,,250,DAILY_BUDGET,ENABLED,USD,61,0,0.0,0.0,0,0,0,0.0,0,1,0,0,7,1,7
"Dec 17, 2025","=""335733425531216""",N.Keyword.Video.SB.UPS.PFCSinewave.CP1500PFCLCD.B00429N19W,,250,DAILY_BUDGET,ENABLED,USD,6576,32,85.71,2106.74,6,8,4,1626.84,6,108,25,5,893,270,1361
"Dec 16, 2025","=""362619829731385""",B.Keyword.Video.SB.UPS.IntelligentLCD.CP1500AVRLCD3.B0BCMLLSHL,,250,DAILY_BUDGET,ENABLED,USD,2526,14,84.36,799.8,4,4,2,399.9,2,30,11,6,307,66,452
"Dec 09, 2025","=""450441693358033""",B2B - B.Keyword.Products.SB.UPS.1500units,,250,DAILY_BUDGET,ENABLED,USD,0,0,0.0,0.0,0,0,0,0.0,0,0,0,0,0,0,0
"Dec 20, 2025","=""300358990869228""",B.Keyword.Store.SB.UPS.StoreSpotlight,,250,DAILY_BUDGET,ENABLED,USD,510,7,6.69,2840.04,11,13,8,1489.6,8,120,9,19,0,0,350
"Dec 29, 2025","=""300358990869228""",B.Keyword.Store.SB.UPS.StoreSpotlight,,250,DAILY_BUDGET,ENABLED,USD,490,5,7.75,593.13,6,6,4,306.23,4,164,11,20,0,0,301
"Dec 05, 2025","=""335733425531216""",N.Keyword.Video.SB.UPS.PFCSinewave.CP1500PFCLCD.B00429N19W,,250,DAILY_BUDGET,ENABLED,USD,5093,37,101.45,593.85,3,3,2,479.9,2,85,13,4,724,223,1058
"Dec 02, 2025","=""501364882562485""",C.Keyword.Video.SB.UPS.IntelligentLCD.CP1500AVRLCD3.B0BCMLLSHL,,250,DAILY_BUDGET,ENABLED,USD,783,4,8.85,199.95,1,1,1,199.95,1,7,1,1,90,13,128
"Dec 23, 2025","=""516203922618177""",N.Keyword.Store.SB.UPS.StoreSpotlight,,250,DAILY_BUDGET,ENABLED,USD,47792,140,361.61,2731.54,16,20,14,2155.79,15,236,180,27,0,0,12432
"Dec 05, 2025","=""353873361287335""",B2B - B.Keyword.Store.SB.UPS.StoreSpotlight,,250,DAILY_BUDGET,ENABLED,USD,0,0,0.0,0.0,0,0,0,0.0,0,0,0,0,0,0,0
"Dec 01, 2025","=""335733425531216""",N.Keyword.Video.SB.UPS.PFCSinewave.CP1500PFCLCD.B00429N19W,,250,DAILY_BUDGET,ENABLED,USD,7337,62,188.24,2091.5,9,10,9,2091.5,10,140,29,15,1098,327,1666
"Dec 18, 2025","=""501364882562485""",C.Keyword.Video.SB.UPS.IntelligentLCD.CP1500AVRLCD3.B0BCMLLSHL,,250,DAILY_BUDGET,ENABLED,USD,314,2,3.76,0.0,0,0,0,0.0,0,4,0,1,43,9,47
"Dec 12, 2025","=""516203922618177""",N.Keyword.Store.SB.UPS.StoreSpotlight,,250,DAILY_BUDGET,ENABLED,USD,96212,177,543.52,2512.6,17,18,16,2312.65,17,284,216,26,0,0,23901
"Dec 16, 2025","=""490434522578484""",C.Keyword.Video.SB.UPS.PFCSinewave.CP1500PFCLCD.B00429N19W,,250,DAILY_BUDGET,ENABLED,USD,319,0,0.0,0.0,0,0,0,0.0,0,0,0,0,30,8,41
"Dec 04, 2025","=""300358990869228""",B.Keyword.Store.SB.UPS.StoreSpotlight,,250,DAILY_BUDGET,ENABLED,USD,526,3,5.94,1360.88,11,13,6,734.49,7,69,4,17,0,0,313
"Dec 16, 2025","=""335733425531216""",N.Keyword.Video.SB.UPS.PFCSinewave.CP1500PFCLCD.B00429N19W,,250,DAILY_BUDGET,ENABLED,USD,5393,30,93.34,2032.55,8,9,4,869.75,5,78,8,7,626,185,976
"Dec 01, 2025","=""300358990869228""",B.Keyword.Store.SB.UPS.StoreSpotlight,,250,DAILY_BUDGET,ENABLED,USD,6546,24,67.55,1608.44,14,15,7,903.7,7,174,28,32,0,0,4604
"Dec 05, 2025","=""288898439745613""",B2B - N.Keyword.Products.SB.UPS.1500units,,250,DAILY_BUDGET,ENABLED,USD,0,0,0.0,0.0,0,0,0,0.0,0,0,0,0,0,0,0
"Dec 05, 2025","=""501364882562485""",C.Keyword.Video.SB.UPS.IntelligentLCD.CP1500AVRLCD3.B0BCMLLSHL,,250,DAILY_BUDGET,ENABLED,USD,404,0,0.0,0.0,0,0,0,0.0,0,0,0,0,38,6,55
"Dec 18, 2025","=""293529288726869""",B.Keyword.Video.SB.UPS.PFCSinewave.CP1500PFCLCD.B00429N19W,,250,DAILY_BUDGET,ENABLED,USD,45,2,1.17,0.0,0,0,0,0.0,0,0,3,0,11,4,14
"Dec 27, 2025","=""516203922618177""",N.Keyword.Store.SB.UPS.StoreSpotlight,,250,DAILY_BUDGET,ENABLED,USD,31055,96,253.46,2801.8,15,21,12,2002.1,15,194,128,25,0,0,8219
"Dec 28, 2025","=""362619829731385""",B.Keyword.Video.SB.UPS.IntelligentLCD.CP1500AVRLCD3.B0BCMLLSHL,,250,DAILY_BUDGET,ENABLED,USD,2635,18,80.27,629.85,3,3,2,389.9,2,70,9,8,303,45,456
"Dec 10, 2025","=""501364882562485""",C.Keyword.Video.SB.UPS.IntelligentLCD.CP1500AVRLCD3.B0BCMLLSHL,,250,DAILY_BUDGET,ENABLED,USD,348,2,7.12,0.0,0,0,0,0.0,0,3,0,0,27,4,50
"Dec 07, 2025","=""335733425531216""",N.Keyword.Video.SB.UPS.PFCSinewave.CP1500PFCLCD.B00429N19W,,250,DAILY_BUDGET,ENABLED,USD,5340,46,125.17,1439.65,6,7,5,1319.75,5,99,18,8,740,220,1128
"Dec 08, 2025","=""517243732232070""",B.RSOV.Products.SB.UPS.1500units,,14507,LIFETIME_BUDGET,ENABLED,USD,1388,46,0.0,2496.22,6,8,3,421.93,3,185,69,31,0,0,1085
"Dec 24, 2025","=""300358990869228""",B.Keyword.Store.SB.UPS.StoreSpotlight,,250,DAILY_BUDGET,ENABLED,USD,177,2,3.2,486.84,4,6,3,410.89,5,42,2,5,0,0,103
"Dec 18, 2025","=""516203922618177""",N.Keyword.Store.SB.UPS.StoreSpotlight,,250,DAILY_BUDGET,ENABLED,USD,77241,206,631.63,3073.15,23,23,19,2702.19,19,342,285,36,0,0,18899
"Dec 22, 2025","=""516203922618177""",N.Keyword.Store.SB.UPS.StoreSpotlight,,250,DAILY_BUDGET,ENABLED,USD,58571,194,571.81,4033.25,21,23,16,3053.3,18,272,258,61,0,0,14423
"Dec 28, 2025","=""516203922618177""",N.Keyword.Store.SB.UPS.StoreSpotlight,,250,DAILY_BUDGET,ENABLED,USD,15674,81,244.54,1889.4,11,12,11,1889.4,12,144,121,24,0,0,4334
"Dec 25, 2025","=""300358990869228""",B.Keyword.Store.SB.UPS.StoreSpotlight,,250,DAILY_BUDGET,ENABLED,USD,283,1,2.93,1639.24,5,7,5,1639.24,7,83,1,11,0,0,160
"Dec 21, 2025","=""517243732232070""",B.RSOV.Products.SB.UPS.1500units,,14507,LIFETIME_BUDGET,ENABLED,USD,996,32,0.0,1099.75,5,5,4,859.8,4,69,28,12,0,0,760
"Dec 12, 2025","=""293529288726869""",B.Keyword.Video.SB.UPS.PFCSinewave.CP1500PFCLCD.B00429N19W,,250,DAILY_BUDGET,ENABLED,USD,76,1,9.02,0.0,0,0,0,0.0,0,0,1,0,17,6,21
"Dec 07, 2025","=""288898439745613""",B2B - N.Keyword.Products.SB.UPS.1500units,,250,DAILY_BUDGET,ENABLED,USD,0,0,0.0,0.0,0,0,0,0.0,0,0,0,0,0,0,0
"Dec 12, 2025","=""490434522578484""",C.Keyword.Video.SB.UPS.PFCSinewave.CP1500PFCLCD.B00429N19W,,250,DAILY_BUDGET,ENABLED,USD,292,2,7.63,0.0,0,0,0,0.0,0,4,0,0,30,10,52
"Dec 19, 2025","=""516203922618177""",N.Keyword.Store.SB.UPS.StoreSpotlight,,250,DAILY_BUDGET,ENABLED,USD,72510,239,779.82,6673.58,38,45,30,5444.4,37,580,377,58,0,0,17079
"Dec 28, 2025","=""335733425531216""",N.Keyword.Video.SB.UPS.PFCSinewave.CP1500PFCLCD.B00429N19W,,250,DAILY_BUDGET,ENABLED,USD,7056,78,224.45,2659.35,12,13,9,2059.5,10,214,34,21,1187,394,1731
"Dec 30, 2025","=""516203922618177""",N.Keyword.Store.SB.UPS.StoreSpotlight,,250,DAILY_BUDGET,ENABLED,USD,19075,84,251.37,3290.75,18,25,16,2931.05,19,167,121,20,0,0,5411
"Dec 22, 2025","=""425328024590643""",C.Keyword.Products.SB.UPS.1500units,,250,DAILY_BUDGET,ENABLED,USD,10409,47,104.45,2191.4,9,12,9,2191.4,12,117,37,14,0,0,3572
"Dec 13, 2025","=""425328024590643""",C.Keyword.Products.SB.UPS.1500units,,250,DAILY_BUDGET,ENABLED,USD,7755,35,73.47,1509.7,6,6,4,909.8,4,83,6,9,0,0,2762
"Dec 28, 2025","=""501364882562485""",C.Keyword.Video.SB.UPS.IntelligentLCD.CP1500AVRLCD3.B0BCMLLSHL,,250,DAILY_BUDGET,ENABLED,USD,305,0,0.0,0.0,0,0,0,0.0,0,0,0,0,44,4,73
"Dec 01, 2025","=""517243732232070""",B.RSOV.Products.SB.UPS.1500units,,14507,LIFETIME_BUDGET,ENABLED,USD,2680,71,0.0,4041.96,14,20,7,1456.42,10,151,87,24,0,0,2080
"Dec 21, 2025","=""293529288726869""",B.Keyword.Video.SB.UPS.PFCSinewave.CP1500PFCLCD.B00429N19W,,250,DAILY_BUDGET,ENABLED,USD,57,1,0.5,0.0,0,0,0,0.0,0,1,0,0,12,8,12
"Dec 20, 2025","=""516203922618177""",N.Keyword.Store.SB.UPS.StoreSpotlight,,250,DAILY_BUDGET,ENABLED,USD,64173,189,582.08,3791.07,26,28,23,3325.23,25,323,250,40,0,0,15301
"Dec 08, 2025","=""353873361287335""",B2B - B.Keyword.Store.SB.UPS.StoreSpotlight,,250,DAILY_BUDGET,ENABLED,USD,0,0,0.0,0.0,0,0,0,0.0,0,0,0,0,0,0,0
"Dec 10, 2025","=""425328024590643""",C.Keyword.Products.SB.UPS.1500units,,250,DAILY_BUDGET,ENABLED,USD,12898,43,90.57,1056.75,5,5,5,1056.75,5,126,8,8,0,0,4295
"Dec 15, 2025","=""490434522578484""",C.Keyword.Video.SB.UPS.PFCSinewave.CP1500PFCLCD.B00429N19W,,250,DAILY_BUDGET,ENABLED,USD,386,4,25.52,0.0,0,0,0,0.0,0,3,1,0,48,9,63
"Dec 13, 2025","=""293529288726869""",B.Keyword.Video.SB.UPS.PFCSinewave.CP1500PFCLCD.B00429N19W,,250,DAILY_BUDGET,ENABLED,USD,58,1,5.99,0.0,0,0,0,0.0,0,1,0,0,6,4,10
"Dec 22, 2025","=""300358990869228""",B.Keyword.Store.SB.UPS.StoreSpotlight,,250,DAILY_BUDGET,ENABLED,USD,441,6,6.7,1357.9,8,8,7,1053.75,7,78,17,14,0,0,291
"Dec 02, 2025","=""516203922618177""",N.Keyword.Store.SB.UPS.StoreSpotlight,,250,DAILY_BUDGET,ENABLED,USD,90290,282,870.29,6053.15,30,47,26,5427.4,42,501,389,59,0,0,23959
"Dec 27, 2025","=""517243732232070""",B.RSOV.Products.SB.UPS.1500units,,14507,LIFETIME_BUDGET,ENABLED,USD,1131,22,0.0,379.9,2,2,2,379.9,2,67,20,14,0,0,859
"Dec 11, 2025","=""335733425531216""",N.Keyword.Video.SB.UPS.PFCSinewave.CP1500PFCLCD.B00429N19W,,250,DAILY_BUDGET,ENABLED,USD,5274,27,105.31,742.35,3,3,2,599.9,2,53,11,6,720,243,1043
"Dec 25, 2025","=""517243732232070""",B.RSOV.Products.SB.UPS.1500units,,14507,LIFETIME_BUDGET,ENABLED,USD,861,14,0.0,299.94,2,2,2,299.94,2,33,8,2,0,0,640
"Dec 23, 2025","=""84817009251939""",C.Keyword.Video.SB.PFCSinewave.CP1500PFCRM2U.B0B354X985,,250,DAILY_BUDGET,ENABLED,USD,2817,16,48.61,359.95,1,1,1,359.95,1,28,1,2,270,48,515
"Dec 07, 2025","=""516203922618177""",N.Keyword.Store.SB.UPS.StoreSpotlight,,250,DAILY_BUDGET,ENABLED,USD,105485,220,646.89,3832.21,29,35,26,3374.36,32,497,336,50,0,0,27990
"Dec 06, 2025","=""490434522578484""",C.Keyword.Video.SB.UPS.PFCSinewave.CP1500PFCLCD.B00429N19W,,250,DAILY_BUDGET,ENABLED,USD,223,1,2.92,0.0,0,0,0,0.0,0,1,0,0,29,5,47
"Dec 22, 2025","=""490434522578484""",C.Keyword.Video.SB.UPS.PFCSinewave.CP1500PFCLCD.B00429N19W,,250,DAILY_BUDGET,ENABLED,USD,295,0,0.0,0.0,0,0,0,0.0,0,0,0,0,41,10,54
"Dec 14, 2025","=""335733425531216""",N.Keyword.Video.SB.UPS.PFCSinewave.CP1500PFCLCD.B00429N19W,,250,DAILY_BUDGET,ENABLED,USD,5040,44,125.48,1049.7,5,6,4,879.75,5,120,25,11,778,260,1186
"Dec 07, 2025","=""425328024590643""",C.Keyword.Products.SB.UPS.1500units,,250,DAILY_BUDGET,ENABLED,USD,8485,34,104.04,359.9,2,2,2,359.9,2,75,9,5,0,0,3387
"Dec 12, 2025","=""288898439745613""",B2B - N.Keyword.Products.SB.UPS.1500units,,250,DAILY_BUDGET,ENABLED,USD,0,0,0.0,0.0,0,0,0,0.0,0,0,0,0,0,0,0
"Dec 09, 2025","=""335733425531216""",N.Keyword.Video.SB.UPS.PFCSinewave.CP1500PFCLCD.B00429N19W,,250,DAILY_BUDGET,ENABLED,USD,10808,68,173.36,1987.6,7,7,5,1103.75,5,164,34,16,1319,373,2045
"Dec 20, 2025","=""501364882562485""",C.Keyword.Video.SB.UPS.IntelligentLCD.CP1500AVRLCD3.B0BCMLLSHL,,250,DAILY_BUDGET,ENABLED,USD,171,1,3.24,0.0,0,0,0,0.0,0,1,0,0,19,3,26
"Dec 02, 2025","=""490434522578484""",C.Keyword.Video.SB.UPS.PFCSinewave.CP1500PFCLCD.B00429N19W,,250,DAILY_BUDGET,ENABLED,USD,354,2,12.61,0.0,0,0,0,0.0,0,5,0,1,52,20,62
"Dec 28, 2025","=""425328024590643""",C.Keyword.Products.SB.UPS.1500units,,250,DAILY_BUDGET,ENABLED,USD,12107,35,78.59,1398.65,7,7,7,1398.65,7,120,20,10,0,0,3933
"Dec 08, 2025","=""490434522578484""",C.Keyword.Video.SB.UPS.PFCSinewave.CP1500PFCLCD.B00429N19W,,250,DAILY_BUDGET,ENABLED,USD,500,2,14.05,0.0,0,0,0,0.0,0,3,0,0,69,20,100
"Dec 10, 2025","=""516203922618177""",N.Keyword.Store.SB.UPS.StoreSpotlight,,250,DAILY_BUDGET,ENABLED,USD,105687,210,665.16,6602.35,33,58,21,3202.95,26,305,303,48,0,0,25851
"Dec 25, 2025","=""490434522578484""",C.Keyword.Video.SB.UPS.PFCSinewave.CP1500PFCLCD.B00429N19W,,250,DAILY_BUDGET,ENABLED,USD,217,1,5.2,0.0,0,0,0,0.0,0,5,1,0,26,5,29
"Dec 23, 2025","=""501364882562485""",C.Keyword.Video.SB.UPS.IntelligentLCD.CP1500AVRLCD3.B0BCMLLSHL,,250,DAILY_BUDGET,ENABLED,USD,333,1,2.19,0.0,0,0,0,0.0,0,1,1,0,53,12,68
"Dec 20, 2025","=""84817009251939""",C.Keyword.Video.SB.PFCSinewave.CP1500PFCRM2U.B0B354X985,,250,DAILY_BUDGET,ENABLED,USD,4846,29,59.06,0.0,0,0,0,0.0,0,62,7,1,842,172,1205
"Dec 06, 2025","=""517243732232070""",B.RSOV.Products.SB.UPS.1500units,,14507,LIFETIME_BUDGET,ENABLED,USD,973,23,0.0,785.75,5,5,4,725.8,4,63,23,5,0,0,726
"Dec 11, 2025","=""517243732232070""",B.RSOV.Products.SB.UPS.1500units,,14507,LIFETIME_BUDGET,ENABLED,USD,1089,26,0.0,3555.33,9,13,4,979.8,4,86,34,9,0,0,853
"Dec 03, 2025","=""450441693358033""",B2B - B.Keyword.Products.SB.UPS.1500units,,250,DAILY_BUDGET,ENABLED,USD,0,0,0.0,0.0,0,0,0,0.0,0,0,0,0,0,0,0
"Dec 20, 2025","=""293529288726869""",B.Keyword.Video.SB.UPS.PFCSinewave.CP1500PFCLCD.B00429N19W,,250,DAILY_BUDGET,ENABLED,USD,64,3,1.47,0.0,0,0,0,0.0,0,7,1,1,10,4,15
"Dec 09, 2025","=""288898439745613""",B2B - N.Keyword.Products.SB.UPS.1500units,,250,DAILY_BUDGET,ENABLED,USD,0,0,0.0,0.0,0,0,0,0.0,0,0,0,0,0,0,0
"Dec 19, 2025","=""425328024590643""",C.Keyword.Products.SB.UPS.1500units,,250,DAILY_BUDGET,ENABLED,USD,13016,58,145.11,3138.3,13,14,9,2279.5,10,129,24,16,0,0,3905
"Dec 12, 2025","=""369323377946560""",B2B - N.Keyword.Store.SB.UPS.StoreSpotlight,,250,DAILY_BUDGET,ENABLED,USD,0,0,0.0,0.0,0,0,0,0.0,0,0,0,0,0,0,0
"Dec 15, 2025","=""362619829731385""",B.Keyword.Video.SB.UPS.IntelligentLCD.CP1500AVRLCD3.B0BCMLLSHL,,250,DAILY_BUDGET,ENABLED,USD,2702,22,115.58,899.8,3,4,2,719.85,3,41,7,9,317,64,448
"Dec 23, 2025","=""490434522578484""",C.Keyword.Video.SB.UPS.PFCSinewave.CP1500PFCLCD.B00429N19W,,250,DAILY_BUDGET,ENABLED,USD,332,1,0.45,0.0,0,0,0,0.0,0,1,2,0,48,10,67
"Dec 11, 2025","=""300358990869228""",B.Keyword.Store.SB.UPS.StoreSpotlight,,250,DAILY_BUDGET,ENABLED,USD,499,2,8.22,2883.83,11,16,8,1259.53,12,96,10,19,0,0,310
"Dec 21, 2025","=""490434522578484""",C.Keyword.Video.SB.UPS.PFCSinewave.CP1500PFCLCD.B00429N19W,,250,DAILY_BUDGET,ENABLED,USD,170,1,1.01,0.0,0,0,0,0.0,0,0,1,0,14,5,28
"Dec 29, 2025","=""490434522578484""",C.Keyword.Video.SB.UPS.PFCSinewave.CP1500PFCLCD.B00429N19W,,250,DAILY_BUDGET,ENABLED,USD,547,3,9.26,0.0,0,0,0,0.0,0,5,1,1,58,14,93
"Dec 10, 2025","=""490434522578484""",C.Keyword.Video.SB.UPS.PFCSinewave.CP1500PFCLCD.B00429N19W,,250,DAILY_BUDGET,ENABLED,USD,412,0,0.0,0.0,0,0,0,0.0,0,5,0,0,49,11,67
"Dec 17, 2025","=""362619829731385""",B.Keyword.Video.SB.UPS.IntelligentLCD.CP1500AVRLCD3.B0BCMLLSHL,,250,DAILY_BUDGET,ENABLED,USD,2874,16,115.88,1010.65,4,7,1,113.95,1,37,2,6,368,62,547
"Dec 24, 2025","=""293529288726869""",B.Keyword.Video.SB.UPS.PFCSinewave.CP1500PFCLCD.B00429N19W,,250,DAILY_BUDGET,ENABLED,USD,47,0,0.0,0.0,0,0,0,0.0,0,0,0,0,8,3,9
"Dec 06, 2025","=""516203922618177""",N.Keyword.Store.SB.UPS.StoreSpotlight,,250,DAILY_BUDGET,ENABLED,USD,100909,254,801.59,3812.63,25,29,22,3145.93,23,523,368,50,0,0,26619
"Dec 19, 2025","=""517243732232070""",B.RSOV.Products.SB.UPS.1500units,,14507,LIFETIME_BUDGET,ENABLED,USD,1224,21,0.0,2187.4,8,12,5,1467.55,9,71,25,8,0,0,912
"Dec 26, 2025","=""293529288726869""",B.Keyword.Video.SB.UPS.PFCSinewave.CP1500PFCLCD.B00429N19W,,250,DAILY_BUDGET,ENABLED,USD,52,0,0.0,0.0,0,0,0,0.0,0,0,0,0,5,3,13
"Dec 02, 2025","=""425328024590643""",C.Keyword.Products.SB.UPS.1500units,,250,DAILY_BUDGET,ENABLED,USD,9103,22,81.58,352.94,2,2,2,352.94,2,73,7,6,0,0,2917
"Dec 08, 2025","=""425328024590643""",C.Keyword.Products.SB.UPS.1500units,,250,DAILY_BUDGET,ENABLED,USD,13088,45,119.71,827.8,4,4,4,827.8,4,79,11,6,0,0,4753
"Dec 17, 2025","=""501364882562485""",C.Keyword.Video.SB.UPS.IntelligentLCD.CP1500AVRLCD3.B0BCMLLSHL,,250,DAILY_BUDGET,ENABLED,USD,397,0,0.0,0.0,0,0,0,0.0,0,0,0,0,40,4,45
"Dec 01, 2025","=""288898439745613""",B2B - N.Keyword.Products.SB.UPS.1500units,,250,DAILY_BUDGET,ENABLED,USD,6894,21,169.9,1245.25,3,4,2,1159.8,3,53,4,4,0,0,1767
"Dec 09, 2025","=""425328024590643""",C.Keyword.Products.SB.UPS.1500units,,250,DAILY_BUDGET,ENABLED,USD,12109,43,112.73,1412.81,7,7,6,1184.86,6,79,17,8,0,0,4259
"Dec 26, 2025","=""335733425531216""",N.Keyword.Video.SB.UPS.PFCSinewave.CP1500PFCLCD.B00429N19W,,250,DAILY_BUDGET,ENABLED,USD,5088,40,108.82,479.9,2,2,1,239.95,1,107,26,8,799,252,1125
"Dec 22, 2025","=""362619829731385""",B.Keyword.Video.SB.UPS.IntelligentLCD.CP1500AVRLCD3.B0BCMLLSHL,,250,DAILY_BUDGET,ENABLED,USD,2372,16,80.53,2249.45,6,11,3,1379.65,7,50,3,9,259,49,406
"Dec 10, 2025","=""300358990869228""",B.Keyword.Store.SB.UPS.StoreSpotlight,,250,DAILY_BUDGET,ENABLED,USD,598,11,9.91,4370.74,23,25,17,2509.35,17,123,17,33,0,0,391
"Dec 24, 2025","=""335733425531216""",N.Keyword.Video.SB.UPS.PFCSinewave.CP1500PFCLCD.B00429N19W,,250,DAILY_BUDGET,ENABLED,USD,3294,15,36.96,1511.85,3,3,2,875.9,2,51,5,9,441,130,679
"Dec 04, 2025","=""335733425531216""",N.Keyword.Video.SB.UPS.PFCSinewave.CP1500PFCLCD.B00429N19W,,250,DAILY_BUDGET,ENABLED,USD,5093,40,101.37,2379.4,3,12,2,479.9,2,92,25,6,726,225,1096
"Dec 30, 2025","=""84817009251939""",C.Keyword.Video.SB.PFCSinewave.CP1500PFCRM2U.B0B354X985,,250,DAILY_BUDGET,ENABLED,USD,1744,7,25.56,2201.8,3,4,3,2201.8,4,18,2,3,177,30,321
"Dec 11, 2025","=""516203922618177""",N.Keyword.Store.SB.UPS.StoreSpotlight,,250,DAILY_BUDGET,ENABLED,USD,104122,206,663.76,4259.93,23,33,14,2183.59,23,436,278,48,0,0,24463
"Dec 31, 2025","=""501364882562485""",C.Keyword.Video.SB.UPS.IntelligentLCD.CP1500AVRLCD3.B0BCMLLSHL,,250,DAILY_BUDGET,ENABLED,USD,377,2,7.81,0.0,0,0,0,0.0,0,0,2,0,69,10,84
"Dec 05, 2025","=""516203922618177""",N.Keyword.Store.SB.UPS.StoreSpotlight,,250,DAILY_BUDGET,ENABLED,USD,81059,211,684.49,4327.24,24,26,16,2636.92,18,359,262,42,0,0,20968
"Dec 03, 2025","=""293529288726869""",B.Keyword.Video.SB.UPS.PFCSinewave.CP1500PFCLCD.B00429N19W,,250,DAILY_BUDGET,ENABLED,USD,51,0,0.0,0.0,0,0,0,0.0,0,0,0,0,6,0,10
"Dec 19, 2025","=""84817009251939""",C.Keyword.Video.SB.PFCSinewave.CP1500PFCRM2U.B0B354X985,,250,DAILY_BUDGET,ENABLED,USD,6651,34,82.21,199.95,1,1,1,199.95,1,62,3,1,1108,188,1656
"Dec 26, 2025","=""501364882562485""",C.Keyword.Video.SB.UPS.IntelligentLCD.CP1500AVRLCD3.B0BCMLLSHL,,250,DAILY_BUDGET,ENABLED,USD,260,0,0.0,0.0,0,0,0,0.0,0,0,0,0,26,7,38
"Dec 17, 2025","=""300358990869228""",B.Keyword.Store.SB.UPS.StoreSpotlight,,250,DAILY_BUDGET,ENABLED,USD,569,7,6.57,3912.66,21,22,17,2111.21,17,184,8,27,0,0,373
"Dec 14, 2025","=""293529288726869""",B.Keyword.Video.SB.UPS.PFCSinewave.CP1500PFCLCD.B00429N19W,,250,DAILY_BUDGET,ENABLED,USD,73,0,0.0,0.0,0,0,0,0.0,0,0,0,0,16,5,21
"Dec 29, 2025","=""517243732232070""",B.RSOV.Products.SB.UPS.1500units,,14507,LIFETIME_BUDGET,ENABLED,USD,1593,35,0.0,1349.55,7,9,5,1074.7,6,103,29,10,0,0,1244
"Dec 21, 2025","=""425328024590643""",C.Keyword.Products.SB.UPS.1500units,,250,DAILY_BUDGET,ENABLED,USD,8077,30,59.5,1643.6,6,8,6,1643.6,8,101,9,16,0,0,2769
"Dec 06, 2025","=""300358990869228""",B.Keyword.Store.SB.UPS.StoreSpotlight,,250,DAILY_BUDGET,ENABLED,USD,445,5,6.75,174.64,2,3,1,64.74,1,70,11,8,0,0,274
"Dec 03, 2025","=""369323377946560""",B2B - N.Keyword.Store.SB.UPS.StoreSpotlight,,250,DAILY_BUDGET,ENABLED,USD,0,0,0.0,0.0,0,0,0,0.0,0,0,0,0,0,0,0
"Dec 03, 2025","=""501364882562485""",C.Keyword.Video.SB.UPS.IntelligentLCD.CP1500AVRLCD3.B0BCMLLSHL,,250,DAILY_BUDGET,ENABLED,USD,648,1,4.31,905.95,1,1,1,905.95,1,9,2,3,77,7,108
"Dec 22, 2025","=""293529288726869""",B.Keyword.Video.SB.UPS.PFCSinewave.CP1500PFCLCD.B00429N19W,,250,DAILY_BUDGET,ENABLED,USD,70,0,0.0,0.0,0,0,0,0.0,0,0,0,0,13,3,15
"Dec 05, 2025","=""490434522578484""",C.Keyword.Video.SB.UPS.PFCSinewave.CP1500PFCLCD.B00429N19W,,250,DAILY_BUDGET,ENABLED,USD,307,2,10.23,0.0,0,0,0,0.0,0,1,1,0,58,16,71
"Dec 31, 2025","=""362619829731385""",B.Keyword.Video.SB.UPS.IntelligentLCD.CP1500AVRLCD3.B0BCMLLSHL,,250,DAILY_BUDGET,ENABLED,USD,1735,12,52.29,0.0,0,0,0,0.0,0,54,25,1,185,33,287
"Dec 08, 2025","=""362619829731385""",B.Keyword.Video.SB.UPS.IntelligentLCD.CP1500AVRLCD3.B0BCMLLSHL,,250,DAILY_BUDGET,ENABLED,USD,3632,21,204.06,239.95,1,1,1,239.95,1,44,5,2,455,71,704
"Dec 18, 2025","=""335733425531216""",N.Keyword.Video.SB.UPS.PFCSinewave.CP1500PFCLCD.B00429N19W,,250,DAILY_BUDGET,ENABLED,USD,5827,37,106.28,1789.6,6,8,5,1549.65,7,107,9,10,802,252,1240
"Dec 16, 2025","=""300358990869228""",B.Keyword.Store.SB.UPS.StoreSpotlight,,250,DAILY_BUDGET,ENABLED,USD,580,4,8.68,4435.69,18,22,14,3124.54,15,144,7,26,0,0,381
"Dec 03, 2025","=""425328024590643""",C.Keyword.Products.SB.UPS.1500units,,250,DAILY_BUDGET,ENABLED,USD,9962,32,72.23,119.95,1,1,1,119.95,1,111,13,4,0,0,3385
"Dec 11, 2025","=""362619829731385""",B.Keyword.Video.SB.UPS.IntelligentLCD.CP1500AVRLCD3.B0BCMLLSHL,,250,DAILY_BUDGET,ENABLED,USD,2781,18,151.46,639.85,3,3,3,639.85,3,53,3,8,322,59,496
"Dec 21, 2025","=""501364882562485""",C.Keyword.Video.SB.UPS.IntelligentLCD.CP1500AVRLCD3.B0BCMLLSHL,,250,DAILY_BUDGET,ENABLED,USD,181,1,1.81,0.0,0,0,0,0.0,0,3,0,0,22,5,30
"Dec 07, 2025","=""293529288726869""",B.Keyword.Video.SB.UPS.PFCSinewave.CP1500PFCLCD.B00429N19W,,250,DAILY_BUDGET,ENABLED,USD,58,0,0.0,0.0,0,0,0,0.0,0,0,0,0,13,5,20
"Dec 04, 2025","=""517243732232070""",B.RSOV.Products.SB.UPS.1500units,,14507,LIFETIME_BUDGET,ENABLED,USD,1179,41,0.0,2754.4,11,12,9,2529.5,10,140,22,17,0,0,929
"Dec 01, 2025","=""362619829731385""",B.Keyword.Video.SB.UPS.IntelligentLCD.CP1500AVRLCD3.B0BCMLLSHL,,250,DAILY_BUDGET,ENABLED,USD,6021,34,269.4,3712.0,10,20,8,3075.2,16,94,8,13,756,119,1109
"Dec 10, 2025","=""362619829731385""",B.Keyword.Video.SB.UPS.IntelligentLCD.CP1500AVRLCD3.B0BCMLLSHL,,250,DAILY_BUDGET,ENABLED,USD,3406,30,164.7,348.9,2,2,1,279.95,1,104,8,13,386,64,575
"Dec 20, 2025","=""490434522578484""",C.Keyword.Video.SB.UPS.PFCSinewave.CP1500PFCLCD.B00429N19W,,250,DAILY_BUDGET,ENABLED,USD,155,0,0.0,0.0,0,0,0,0.0,0,0,0,0,14,1,23
"Dec 14, 2025","=""425328024590643""",C.Keyword.Products.SB.UPS.1500units,,250,DAILY_BUDGET,ENABLED,USD,9201,41,112.29,1919.55,9,9,8,1679.6,8,99,21,12,0,0,3245
"Dec 25, 2025","=""293529288726869""",B.Keyword.Video.SB.UPS.PFCSinewave.CP1500PFCLCD.B00429N19W,,250,DAILY_BUDGET,ENABLED,USD,66,1,0.62,0.0,0,0,0,0.0,0,0,1,0,8,4,8
"Dec 31, 2025","=""516203922618177""",N.Keyword.Store.SB.UPS.StoreSpotlight,,250,DAILY_BUDGET,ENABLED,USD,23863,71,236.34,1556.45,8,11,6,1346.55,9,96,94,14,0,0,5057
"Dec 26, 2025","=""517243732232070""",B.RSOV.Products.SB.UPS.1500units,,14507,LIFETIME_BUDGET,ENABLED,USD,1201,26,0.0,319.9,2,2,2,319.9,2,96,24,4,0,0,933
"Dec 21, 2025","=""362619829731385""",B.Keyword.Video.SB.UPS.IntelligentLCD.CP1500AVRLCD3.B0BCMLLSHL,,250,DAILY_BUDGET,ENABLED,USD,2091,11,82.42,199.95,1,1,1,199.95,1,32,3,6,260,42,372
"Dec 07, 2025","=""490434522578484""",C.Keyword.Video.SB.UPS.PFCSinewave.CP1500PFCLCD.B00429N19W,,250,DAILY_BUDGET,ENABLED,USD,264,2,7.71,0.0,0,0,0,0.0,0,2,0,0,51,16,66
"Dec 22, 2025","=""517243732232070""",B.RSOV.Products.SB.UPS.1500units,,14507,LIFETIME_BUDGET,ENABLED,USD,1011,26,0.0,379.9,2,2,2,379.9,2,68,23,6,0,0,793
"Dec 15, 2025","=""300358990869228""",B.Keyword.Store.SB.UPS.StoreSpotlight,,250,DAILY_BUDGET,ENABLED,USD,686,12,7.83,6272.8,29,35,21,3344.91,27,243,24,48,0,0,495
"Dec 25, 2025","=""425328024590643""",C.Keyword.Products.SB.UPS.1500units,,250,DAILY_BUDGET,ENABLED,USD,6144,26,60.73,429.9,2,2,1,239.95,1,72,27,4,0,0,1974
"Dec 07, 2025","=""300358990869228""",B.Keyword.Store.SB.UPS.StoreSpotlight,,250,DAILY_BUDGET,ENABLED,USD,583,6,7.48,1003.01,9,9,5,480.21,5,110,19,27,0,0,358
"Dec 02, 2025","=""353873361287335""",B2B - B.Keyword.Store.SB.UPS.StoreSpotlight,,250,DAILY_BUDGET,ENABLED,USD,50,0,0.0,0.0,0,0,0,0.0,0,0,0,0,0,0,19
"Dec 23, 2025","=""293529288726869""",B.Keyword.Video.SB.UPS.PFCSinewave.CP1500PFCLCD.B00429N19W,,250,DAILY_BUDGET,ENABLED,USD,62,0,0.0,0.0,0,0,0,0.0,0,0,0,0,15,4,22
"Dec 04, 2025","=""425328024590643""",C.Keyword.Products.SB.UPS.1500units,,250,DAILY_BUDGET,ENABLED,USD,9293,41,109.48,1494.75,5,5,4,753.8,4,106,10,9,0,0,3019
"Dec 17, 2025","=""516203922618177""",N.Keyword.Store.SB.UPS.StoreSpotlight,,250,DAILY_BUDGET,ENABLED,USD,88433,223,695.5,3771.55,22,31,18,3305.8,26,464,300,40,0,0,21113
"Dec 13, 2025","=""362619829731385""",B.Keyword.Video.SB.UPS.IntelligentLCD.CP1500AVRLCD3.B0BCMLLSHL,,250,DAILY_BUDGET,ENABLED,USD,2190,21,99.29,239.95,1,1,0,0.0,0,138,5,14,277,50,414
"Dec 17, 2025","=""425328024590643""",C.Keyword.Products.SB.UPS.1500units,,250,DAILY_BUDGET,ENABLED,USD,13700,69,150.37,3025.15,12,17,11,2945.2,16,118,14,16,0,0,5089
"Dec 07, 2025","=""517243732232070""",B.RSOV.Products.SB.UPS.1500units,,14507,LIFETIME_BUDGET,ENABLED,USD,1061,30,0.0,879.8,4,4,4,879.8,4,87,40,6,0,0,801
"Dec 26, 2025","=""425328024590643""",C.Keyword.Products.SB.UPS.1500units,,250,DAILY_BUDGET,ENABLED,USD,10635,33,87.55,719.8,4,4,3,599.85,3,52,14,7,0,0,3366
"Dec 25, 2025","=""362619829731385""",B.Keyword.Video.SB.UPS.IntelligentLCD.CP1500AVRLCD3.B0BCMLLSHL,,250,DAILY_BUDGET,ENABLED,USD,2239,10,48.46,199.95,1,1,1,199.95,1,20,3,1,269,41,376
"Dec 09, 2025","=""362619829731385""",B.Keyword.Video.SB.UPS.IntelligentLCD.CP1500AVRLCD3.B0BCMLLSHL,,250,DAILY_BUDGET,ENABLED,USD,2249,17,114.53,349.9,2,2,2,349.9,2,46,4,3,254,39,408
"Dec 22, 2025","=""501364882562485""",C.Keyword.Video.SB.UPS.IntelligentLCD.CP1500AVRLCD3.B0BCMLLSHL,,250,DAILY_BUDGET,ENABLED,USD,255,0,0.0,0.0,0,0,0,0.0,0,0,0,0,28,2,46
"Dec 06, 2025","=""293529288726869""",B.Keyword.Video.SB.UPS.PFCSinewave.CP1500PFCLCD.B00429N19W,,250,DAILY_BUDGET,ENABLED,USD,39,0,0.0,0.0,0,0,0,0.0,0,0,0,0,7,4,8
"Dec 17, 2025","=""293529288726869""",B.Keyword.Video.SB.UPS.PFCSinewave.CP1500PFCLCD.B00429N19W,,250,DAILY_BUDGET,ENABLED,USD,83,1,0.26,959.8,1,4,1,959.8,4,2,0,2,9,3,13
"Dec 15, 2025","=""517243732232070""",B.RSOV.Products.SB.UPS.1500units,,14507,LIFETIME_BUDGET,ENABLED,USD,1235,38,0.0,3052.85,10,23,7,1837.45,11,78,25,11,0,0,966
"Dec 27, 2025","=""501364882562485""",C.Keyword.Video.SB.UPS.IntelligentLCD.CP1500AVRLCD3.B0BCMLLSHL,,250,DAILY_BUDGET,ENABLED,USD,256,1,0.54,0.0,0,0,0,0.0,0,1,0,0,49,10,64
"Dec 26, 2025","=""490434522578484""",C.Keyword.Video.SB.UPS.PFCSinewave.CP1500PFCLCD.B00429N19W,,250,DAILY_BUDGET,ENABLED,USD,299,0,0.0,0.0,0,0,0,0.0,0,0,0,0,40,8,53
"Dec 05, 2025","=""300358990869228""",B.Keyword.Store.SB.UPS.StoreSpotlight,,250,DAILY_BUDGET,ENABLED,USD,552,4,8.37,2644.4,10,18,6,1170.03,7,89,4,29,0,0,362
"Dec 04, 2025","=""516203922618177""",N.Keyword.Store.SB.UPS.StoreSpotlight,,250,DAILY_BUDGET,ENABLED,USD,76150,259,746.93,4603.96,29,44,22,3701.47,33,471,334,52,0,0,19860
"Dec 16, 2025","=""516203922618177""",N.Keyword.Store.SB.UPS.StoreSpotlight,,250,DAILY_BUDGET,ENABLED,USD,77291,152,443.37,4593.33,18,35,13,3365.9,22,277,192,37,0,0,17796
"Dec 01, 2025","=""425328024590643""",C.Keyword.Products.SB.UPS.1500units,,250,DAILY_BUDGET,ENABLED,USD,11923,40,124.97,1079.75,5,5,5,1079.75,5,77,8,10,0,0,3868
"Dec 12, 2025","=""501364882562485""",C.Keyword.Video.SB.UPS.IntelligentLCD.CP1500AVRLCD3.B0BCMLLSHL,,250,DAILY_BUDGET,ENABLED,USD,341,1,3.04,0.0,0,0,0,0.0,0,6,0,0,31,6,44
"Dec 18, 2025","=""517243732232070""",B.RSOV.Products.SB.UPS.1500units,,14507,LIFETIME_BUDGET,ENABLED,USD,1358,31,0.0,3359.0,8,10,4,1021.8,4,72,45,15,0,0,1043
"Dec 12, 2025","=""335733425531216""",N.Keyword.Video.SB.UPS.PFCSinewave.CP1500PFCLCD.B00429N19W,,250,DAILY_BUDGET,ENABLED,USD,4908,38,96.91,469.85,3,3,1,179.95,1,57,21,4,677,229,988
"Dec 28, 2025","=""517243732232070""",B.RSOV.Products.SB.UPS.1500units,,14507,LIFETIME_BUDGET,ENABLED,USD,1162,37,0.0,1993.56,13,13,11,1713.66,11,103,43,31,0,0,862
"Dec 20, 2025","=""425328024590643""",C.Keyword.Products.SB.UPS.1500units,,250,DAILY_BUDGET,ENABLED,USD,8731,27,54.32,1646.77,10,10,8,1436.6,8,82,38,13,0,0,3019
"Dec 24, 2025","=""490434522578484""",C.Keyword.Video.SB.UPS.PFCSinewave.CP1500PFCLCD.B00429N19W,,250,DAILY_BUDGET,ENABLED,USD,218,2,5.35,0.0,0,0,0,0.0,0,2,1,0,27,11,54
"Dec 22, 2025","=""84817009251939""",C.Keyword.Video.SB.PFCSinewave.CP1500PFCRM2U.B0B354X985,,250,DAILY_BUDGET,ENABLED,USD,5695,13,36.57,0.0,0,0,0,0.0,0,22,1,1,836,170,1267
"Dec 31, 2025","=""300358990869228""",B.Keyword.Store.SB.UPS.StoreSpotlight,,250,DAILY_BUDGET,ENABLED,USD,463,2,4.11,399.67,3,4,2,149.03,3,69,7,7,0,0,256
"Dec 30, 2025","=""425328024590643""",C.Keyword.Products.SB.UPS.1500units,,250,DAILY_BUDGET,ENABLED,USD,12342,31,75.4,2409.45,6,11,5,2295.5,10,93,16,11,0,0,4683
"Dec 09, 2025","=""517243732232070""",B.RSOV.Products.SB.UPS.1500units,,14507,LIFETIME_BUDGET,ENABLED,USD,1268,28,0.0,721.8,4,4,2,289.9,2,51,24,8,0,0,947
"Dec 29, 2025","=""425328024590643""",C.Keyword.Products.SB.UPS.1500units,,250,DAILY_BUDGET,ENABLED,USD,19891,75,183.89,3355.2,15,16,13,2875.3,14,176,35,24,0,0,6660
"Dec 05, 2025","=""293529288726869""",B.Keyword.Video.SB.UPS.PFCSinewave.CP1500PFCLCD.B00429N19W,,250,DAILY_BUDGET,ENABLED,USD,62,0,0.0,0.0,0,0,0,0.0,0,0,0,0,11,3,15
"Dec 30, 2025","=""300358990869228""",B.Keyword.Store.SB.UPS.StoreSpotlight,,250,DAILY_BUDGET,ENABLED,USD,1368,5,9.4,1101.7,4,6,0,0.0,0,70,8,7,0,0,704
"Dec 27, 2025","=""362619829731385""",B.Keyword.Video.SB.UPS.IntelligentLCD.CP1500AVRLCD3.B0BCMLLSHL,,250,DAILY_BUDGET,ENABLED,USD,2441,11,69.62,199.95,1,1,1,199.95,1,34,1,2,263,41,398
"Dec 19, 2025","=""490434522578484""",C.Keyword.Video.SB.UPS.PFCSinewave.CP1500PFCLCD.B00429N19W,,250,DAILY_BUDGET,ENABLED,USD,205,0,0.0,0.0,0,0,0,0.0,0,0,0,0,17,5,28
"Dec 09, 2025","=""300358990869228""",B.Keyword.Store.SB.UPS.StoreSpotlight,,250,DAILY_BUDGET,ENABLED,USD,609,8,10.73,4511.33,18,22,13,2850.79,17,240,21,38,0,0,394
"Dec 12, 2025","=""362619829731385""",B.Keyword.Video.SB.UPS.IntelligentLCD.CP1500AVRLCD3.B0BCMLLSHL,,250,DAILY_BUDGET,ENABLED,USD,2258,7,31.4,0.0,0,0,0,0.0,0,12,7,0,277,47,370
"Dec 13, 2025","=""490434522578484""",C.Keyword.Video.SB.UPS.PFCSinewave.CP1500PFCLCD.B00429N19W,,250,DAILY_BUDGET,ENABLED,USD,187,2,9.6,0.0,0,0,0,0.0,0,1,2,0,20,3,31
"Dec 13, 2025","=""516203922618177""",N.Keyword.Store.SB.UPS.StoreSpotlight,,250,DAILY_BUDGET,ENABLED,USD,67298,158,517.52,2682.3,13,14,11,1586.4,12,334,212,35,0,0,16625
"Dec 03, 2025","=""516203922618177""",N.Keyword.Store.SB.UPS.StoreSpotlight,,250,DAILY_BUDGET,ENABLED,USD,78043,235,667.53,2704.54,21,22,17,2288.19,17,371,307,44,0,0,21161
"Dec 01, 2025","=""293529288726869""",B.Keyword.Video.SB.UPS.PFCSinewave.CP1500PFCLCD.B00429N19W,,250,DAILY_BUDGET,ENABLED,USD,83,0,0.0,0.0,0,0,0,0.0,0,0,0,0,9,5,14
"Dec 13, 2025","=""501364882562485""",C.Keyword.Video.SB.UPS.IntelligentLCD.CP1500AVRLCD3.B0BCMLLSHL,,250,DAILY_BUDGET,ENABLED,USD,193,1,0.33,0.0,0,0,0,0.0,0,1,0,0,22,3,34
"Dec 15, 2025","=""335733425531216""",N.Keyword.Video.SB.UPS.PFCSinewave.CP1500PFCLCD.B00429N19W,,250,DAILY_BUDGET,ENABLED,USD,6625,55,158.84,1457.65,7,7,5,989.75,5,106,13,9,1082,352,1519
"Dec 07, 2025","=""362619829731385""",B.Keyword.Video.SB.UPS.IntelligentLCD.CP1500AVRLCD3.B0BCMLLSHL,,250,DAILY_BUDGET,ENABLED,USD,2886,33,258.14,479.9,2,2,2,479.9,2,73,2,7,381,69,581
"Dec 15, 2025","=""293529288726869""",B.Keyword.Video.SB.UPS.PFCSinewave.CP1500PFCLCD.B00429N19W,,250,DAILY_BUDGET,ENABLED,USD,99,1,0.26,0.0,0,0,0,0.0,0,1,0,0,17,8,19
"Dec 09, 2025","=""293529288726869""",B.Keyword.Video.SB.UPS.PFCSinewave.CP1500PFCLCD.B00429N19W,,250,DAILY_BUDGET,ENABLED,USD,454,3,18.34,0.0,0,0,0,0.0,0,47,0,10,60,17,95
"Dec 23, 2025","=""362619829731385""",B.Keyword.Video.SB.UPS.IntelligentLCD.CP1500AVRLCD3.B0BCMLLSHL,,250,DAILY_BUDGET,ENABLED,USD,2165,9,42.52,113.95,1,1,1,113.95,1,47,4,2,221,35,348
"Dec 23, 2025","=""335733425531216""",N.Keyword.Video.SB.UPS.PFCSinewave.CP1500PFCLCD.B00429N19W,,250,DAILY_BUDGET,ENABLED,USD,3859,16,52.26,839.85,3,3,2,599.9,2,89,7,4,483,132,748
"Dec 08, 2025","=""516203922618177""",N.Keyword.Store.SB.UPS.StoreSpotlight,,250,DAILY_BUDGET,ENABLED,USD,114818,253,769.9,3856.39,22,29,20,3640.65,27,370,352,48,0,0,29831
"Dec 30, 2025","=""501364882562485""",C.Keyword.Video.SB.UPS.IntelligentLCD.CP1500AVRLCD3.B0BCMLLSHL,,250,DAILY_BUDGET,ENABLED,USD,446,1,6.24,0.0,0,0,0,0.0,0,2,0,0,88,24,113
"Dec 21, 2025","=""84817009251939""",C.Keyword.Video.SB.PFCSinewave.CP1500PFCRM2U.B0B354X985,,250,DAILY_BUDGET,ENABLED,USD,4755,26,71.17,719.9,2,2,1,359.95,1,54,6,5,816,162,1205
"Dec 08, 2025","=""288898439745613""",B2B - N.Keyword.Products.SB.UPS.1500units,,250,DAILY_BUDGET,ENABLED,USD,0,0,0.0,0.0,0,0,0,0.0,0,0,0,0,0,0,0
"Dec 30, 2025","=""362619829731385""",B.Keyword.Video.SB.UPS.IntelligentLCD.CP1500AVRLCD3.B0BCMLLSHL,,250,DAILY_BUDGET,ENABLED,USD,2004,7,44.98,199.95,1,1,0,0.0,0,16,4,1,206,30,342
"Dec 07, 2025","=""369323377946560""",B2B - N.Keyword.Store.SB.UPS.StoreSpotlight,,250,DAILY_BUDGET,ENABLED,USD,0,0,0.0,0.0,0,0,0,0.0,0,0,0,0,0,0,0
"Dec 11, 2025","=""490434522578484""",C.Keyword.Video.SB.UPS.PFCSinewave.CP1500PFCLCD.B00429N19W,,250,DAILY_BUDGET,ENABLED,USD,287,0,0.0,0.0,0,0,0,0.0,0,0,0,0,38,11,49
"Dec 13, 2025","=""300358990869228""",B.Keyword.Store.SB.UPS.StoreSpotlight,,250,DAILY_BUDGET,ENABLED,USD,414,7,8.07,2136.77,8,9,6,771.09,7,74,19,12,0,0,290
"Dec 14, 2025","=""516203922618177""",N.Keyword.Store.SB.UPS.StoreSpotlight,,250,DAILY_BUDGET,ENABLED,USD,73587,191,543.23,2379.25,15,15,13,1989.35,13,262,261,24,0,0,18014
"Dec 01, 2025","=""369323377946560""",B2B - N.Keyword.Store.SB.UPS.StoreSpotlight,,250,DAILY_BUDGET,ENABLED,USD,3625,24,211.02,789.35,4,5,2,382.4,2,48,25,4,0,0,1363
"Dec 27, 2025","=""490434522578484""",C.Keyword.Video.SB.UPS.PFCSinewave.CP1500PFCLCD.B00429N19W,,250,DAILY_BUDGET,ENABLED,USD,230,0,0.0,0.0,0,0,0,0.0,0,0,0,0,30,5,42
"Dec 14, 2025","=""490434522578484""",C.Keyword.Video.SB.UPS.PFCSinewave.CP1500PFCLCD.B00429N19W,,250,DAILY_BUDGET,ENABLED,USD,175,1,3.4,0.0,0,0,0,0.0,0,0,1,0,21,6,36
"Dec 12, 2025","=""425328024590643""",C.Keyword.Products.SB.UPS.1500units,,250,DAILY_BUDGET,ENABLED,USD,10298,51,110.8,1804.55,9,9,8,1564.6,8,92,27,11,0,0,3549
"Dec 22, 2025","=""335733425531216""",N.Keyword.Video.SB.UPS.PFCSinewave.CP1500PFCLCD.B00429N19W,,250,DAILY_BUDGET,ENABLED,USD,4196,23,62.68,279.9,2,2,2,279.9,2,64,19,4,575,168,810
"Dec 27, 2025","=""293529288726869""",B.Keyword.Video.SB.UPS.PFCSinewave.CP1500PFCLCD.B00429N19W,,250,DAILY_BUDGET,ENABLED,USD,41,1,0.9,0.0,0,0,0,0.0,0,0,1,0,9,2,13
"Dec 27, 2025","=""335733425531216""",N.Keyword.Video.SB.UPS.PFCSinewave.CP1500PFCLCD.B00429N19W,,250,DAILY_BUDGET,ENABLED,USD,5257,35,91.32,2029.69,6,7,4,1711.75,5,101,25,8,788,277,1134
"Dec 25, 2025","=""84817009251939""",C.Keyword.Video.SB.PFCSinewave.CP1500PFCRM2U.B0B354X985,,250,DAILY_BUDGET,ENABLED,USD,2090,16,45.67,941.85,3,3,2,599.9,2,39,2,6,243,30,412
"Dec 14, 2025","=""300358990869228""",B.Keyword.Store.SB.UPS.StoreSpotlight,,250,DAILY_BUDGET,ENABLED,USD,437,6,8.08,1586.81,13,14,8,1074.43,9,119,6,18,0,0,286
"Dec 08, 2025","=""300358990869228""",B.Keyword.Store.SB.UPS.StoreSpotlight,,250,DAILY_BUDGET,ENABLED,USD,609,5,8.65,3071.29,15,17,11,1729.49,12,113,13,20,0,0,396
"Dec 08, 2025","=""293529288726869""",B.Keyword.Video.SB.UPS.PFCSinewave.CP1500PFCLCD.B00429N19W,,250,DAILY_BUDGET,ENABLED,USD,132,1,0.25,0.0,0,0,0,0.0,0,3,0,0,31,10,36
"Dec 04, 2025","=""501364882562485""",C.Keyword.Video.SB.UPS.IntelligentLCD.CP1500AVRLCD3.B0BCMLLSHL,,250,DAILY_BUDGET,ENABLED,USD,599,2,6.92,0.0,0,0,0,0.0,0,3,0,0,70,6,90
"Dec 05, 2025","=""425328024590643""",C.Keyword.Products.SB.UPS.1500units,,250,DAILY_BUDGET,ENABLED,USD,9017,40,136.97,719.85,3,3,3,719.85,3,105,9,5,0,0,2948
"Dec 19, 2025","=""335733425531216""",N.Keyword.Video.SB.UPS.PFCSinewave.CP1500PFCLCD.B00429N19W,,250,DAILY_BUDGET,ENABLED,USD,5060,26,67.65,1029.8,4,4,4,1029.8,4,85,15,10,731,215,1092
"Dec 23, 2025","=""517243732232070""",B.RSOV.Products.SB.UPS.1500units,,14507,LIFETIME_BUDGET,ENABLED,USD,969,22,0.0,2053.01,14,17,8,1307.94,11,65,20,18,0,0,741
"Dec 03, 2025","=""288898439745613""",B2B - N.Keyword.Products.SB.UPS.1500units,,250,DAILY_BUDGET,ENABLED,USD,4,0,0.0,0.0,0,0,0,0.0,0,0,0,0,0,0,1
"Dec 16, 2025","=""517243732232070""",B.RSOV.Products.SB.UPS.1500units,,14507,LIFETIME_BUDGET,ENABLED,USD,1226,30,0.0,939.8,4,4,3,759.85,3,102,26,7,0,0,926
"Dec 10, 2025","=""517243732232070""",B.RSOV.Products.SB.UPS.1500units,,14507,LIFETIME_BUDGET,ENABLED,USD,1232,22,0.0,609.85,3,3,2,419.9,2,56,12,5,0,0,945
"Dec 04, 2025","=""362619829731385""",B.Keyword.Video.SB.UPS.IntelligentLCD.CP1500AVRLCD3.B0BCMLLSHL,,250,DAILY_BUDGET,ENABLED,USD,3318,23,159.24,639.85,3,3,2,439.9,2,79,7,5,412,60,619
"Dec 02, 2025","=""300358990869228""",B.Keyword.Store.SB.UPS.StoreSpotlight,,250,DAILY_BUDGET,ENABLED,USD,1059,13,10.31,2539.76,7,7,6,1798.81,6,94,18,13,0,0,651
"Dec 21, 2025","=""300358990869228""",B.Keyword.Store.SB.UPS.StoreSpotlight,,250,DAILY_BUDGET,ENABLED,USD,474,8,4.92,1128.13,9,13,7,688.28,10,92,14,15,0,0,311
"Dec 18, 2025","=""362619829731385""",B.Keyword.Video.SB.UPS.IntelligentLCD.CP1500AVRLCD3.B0BCMLLSHL,,250,DAILY_BUDGET,ENABLED,USD,2488,16,91.69,239.95,1,1,1,239.95,1,47,16,3,290,46,418
"Dec 03, 2025","=""335733425531216""",N.Keyword.Video.SB.UPS.PFCSinewave.CP1500PFCLCD.B00429N19W,,250,DAILY_BUDGET,ENABLED,USD,5021,35,96.55,1720.44,7,7,4,1029.8,4,90,16,11,755,214,1112
"Dec 18, 2025","=""425328024590643""",C.Keyword.Products.SB.UPS.1500units,,250,DAILY_BUDGET,ENABLED,USD,11698,60,108.58,1409.65,7,7,5,1089.75,5,133,38,16,0,0,4234
"Dec 02, 2025","=""517243732232070""",B.RSOV.Products.SB.UPS.1500units,,14507,LIFETIME_BUDGET,ENABLED,USD,1391,39,0.0,2527.75,10,15,3,432.85,3,101,50,13,0,0,1078
"Dec 30, 2025","=""517243732232070""",B.RSOV.Products.SB.UPS.1500units,,14507,LIFETIME_BUDGET,ENABLED,USD,1316,29,0.0,1802.09,8,9,5,969.75,5,186,43,22,0,0,1001
"Dec 17, 2025","=""490434522578484""",C.Keyword.Video.SB.UPS.PFCSinewave.CP1500PFCLCD.B00429N19W,,250,DAILY_BUDGET,ENABLED,USD,405,1,2.33,239.95,1,1,1,239.95,1,7,1,1,44,10,73
"Dec 06, 2025","=""362619829731385""",B.Keyword.Video.SB.UPS.IntelligentLCD.CP1500AVRLCD3.B0BCMLLSHL,,250,DAILY_BUDGET,ENABLED,USD,2752,22,173.37,479.9,2,2,2,479.9,2,51,8,4,341,61,548
"Dec 12, 2025","=""300358990869228""",B.Keyword.Store.SB.UPS.StoreSpotlight,,250,DAILY_BUDGET,ENABLED,USD,525,5,8.75,3789.84,14,20,10,2086.48,12,120,6,35,0,0,354
"Dec 29, 2025","=""293529288726869""",B.Keyword.Video.SB.UPS.PFCSinewave.CP1500PFCLCD.B00429N19W,,250,DAILY_BUDGET,ENABLED,USD,81,0,0.0,0.0,0,0,0,0.0,0,0,0,0,9,7,15
"Dec 07, 2025","=""501364882562485""",C.Keyword.Video.SB.UPS.IntelligentLCD.CP1500AVRLCD3.B0BCMLLSHL,,250,DAILY_BUDGET,ENABLED,USD,367,2,7.47,0.0,0,0,0,0.0,0,4,1,0,37,5,63
"Dec 30, 2025","=""335733425531216""",N.Keyword.Video.SB.UPS.PFCSinewave.CP1500PFCLCD.B00429N19W,,250,DAILY_BUDGET,ENABLED,USD,9730,53,144.17,479.9,2,2,2,479.9,2,116,30,20,1802,603,2395
"Dec 24, 2025","=""501364882562485""",C.Keyword.Video.SB.UPS.IntelligentLCD.CP1500AVRLCD3.B0BCMLLSHL,,250,DAILY_BUDGET,ENABLED,USD,249,0,0.0,0.0,0,0,0,0.0,0,0,0,0,37,4,52
"Dec 19, 2025","=""300358990869228""",B.Keyword.Store.SB.UPS.StoreSpotlight,,250,DAILY_BUDGET,ENABLED,USD,511,6,8.91,3472.85,16,27,7,1092.7,8,119,19,34,0,0,352
"Dec 31, 2025","=""335733425531216""",N.Keyword.Video.SB.UPS.PFCSinewave.CP1500PFCLCD.B00429N19W,,250,DAILY_BUDGET,ENABLED,USD,7730,71,210.94,1385.91,8,8,5,919.79,5,134,29,15,1418,483,1866
"Dec 28, 2025","=""490434522578484""",C.Keyword.Video.SB.UPS.PFCSinewave.CP1500PFCLCD.B00429N19W,,250,DAILY_BUDGET,ENABLED,USD,329,4,7.17,0.0,0,0,0,0.0,0,11,1,0,42,12,58
"Dec 30, 2025","=""490434522578484""",C.Keyword.Video.SB.UPS.PFCSinewave.CP1500PFCLCD.B00429N19W,,250,DAILY_BUDGET,ENABLED,USD,508,4,6.65,239.95,1,1,1,239.95,1,10,0,1,76,20,113
"Dec 26, 2025","=""516203922618177""",N.Keyword.Store.SB.UPS.StoreSpotlight,,250,DAILY_BUDGET,ENABLED,USD,27159,94,247.63,1241.55,9,9,8,1161.6,8,183,159,17,0,0,6749
"Dec 09, 2025","=""501364882562485""",C.Keyword.Video.SB.UPS.IntelligentLCD.CP1500AVRLCD3.B0BCMLLSHL,,250,DAILY_BUDGET,ENABLED,USD,456,0,0.0,0.0,0,0,0,0.0,0,0,0,0,47,6,66
"Dec 06, 2025","=""335733425531216""",N.Keyword.Video.SB.UPS.PFCSinewave.CP1500PFCLCD.B00429N19W,,250,DAILY_BUDGET,ENABLED,USD,4837,33,94.09,647.85,3,3,3,647.85,3,118,13,11,687,223,996
"Dec 02, 2025","=""288898439745613""",B2B - N.Keyword.Products.SB.UPS.1500units,,250,DAILY_BUDGET,ENABLED,USD,1651,6,52.72,287.9,2,2,2,287.9,2,17,7,2,0,0,395
"Dec 15, 2025","=""516203922618177""",N.Keyword.Store.SB.UPS.StoreSpotlight,,250,DAILY_BUDGET,ENABLED,USD,71631,213,653.74,5197.49,26,31,17,3980.09,19,419,287,50,0,0,17379
"Dec 11, 2025","=""501364882562485""",C.Keyword.Video.SB.UPS.IntelligentLCD.CP1500AVRLCD3.B0BCMLLSHL,,250,DAILY_BUDGET,ENABLED,USD,308,0,0.0,0.0,0,0,0,0.0,0,0,0,0,31,3,40
"Dec 15, 2025","=""425328024590643""",C.Keyword.Products.SB.UPS.1500units,,250,DAILY_BUDGET,ENABLED,USD,14836,56,116.96,1939.5,6,10,4,749.8,4,144,24,13,0,0,5692
"Dec 08, 2025","=""501364882562485""",C.Keyword.Video.SB.UPS.IntelligentLCD.CP1500AVRLCD3.B0BCMLLSHL,,250,DAILY_BUDGET,ENABLED,USD,562,1,1.01,0.0,0,0,0,0.0,0,20,0,0,54,11,77
"Dec 04, 2025","=""450441693358033""",B2B - B.Keyword.Products.SB.UPS.1500units,,250,DAILY_BUDGET,ENABLED,USD,0,0,0.0,0.0,0,0,0,0.0,0,0,0,0,0,0,0
"Dec 24, 2025","=""362619829731385""",B.Keyword.Video.SB.UPS.IntelligentLCD.CP1500AVRLCD3.B0BCMLLSHL,,250,DAILY_BUDGET,ENABLED,USD,1787,13,36.84,108.95,1,1,1,108.95,1,75,2,3,207,39,310
"Dec 03, 2025","=""490434522578484""",C.Keyword.Video.SB.UPS.PFCSinewave.CP1500PFCLCD.B00429N19W,,250,DAILY_BUDGET,ENABLED,USD,408,1,3.09,0.0,0,0,0,0.0,0,0,1,0,57,11,85
"Dec 18, 2025","=""84817009251939""",C.Keyword.Video.SB.PFCSinewave.CP1500PFCRM2U.B0B354X985,,250,DAILY_BUDGET,ENABLED,USD,2415,7,29.64,341.95,1,1,1,341.95,1,14,0,1,125,23,224
"Dec 05, 2025","=""362619829731385""",B.Keyword.Video.SB.UPS.IntelligentLCD.CP1500AVRLCD3.B0BCMLLSHL,,250,DAILY_BUDGET,ENABLED,USD,2946,20,163.82,199.95,1,1,1,199.95,1,56,4,7,372,59,574
"Dec 01, 2025","=""490434522578484""",C.Keyword.Video.SB.UPS.PFCSinewave.CP1500PFCLCD.B00429N19W,,250,DAILY_BUDGET,ENABLED,USD,629,5,39.57,0.0,0,0,0,0.0,0,6,3,0,94,21,135
"Dec 28, 2025","=""300358990869228""",B.Keyword.Store.SB.UPS.StoreSpotlight,,250,DAILY_BUDGET,ENABLED,USD,565,10,8.51,1522.64,9,9,8,1352.69,8,97,19,14,0,0,375
"Dec 29, 2025","=""516203922618177""",N.Keyword.Store.SB.UPS.StoreSpotlight,,250,DAILY_BUDGET,ENABLED,USD,25205,85,247.32,2101.15,13,17,11,1805.25,15,247,135,29,0,0,6932
"Dec 20, 2025","=""335733425531216""",N.Keyword.Video.SB.UPS.PFCSinewave.CP1500PFCLCD.B00429N19W,,250,DAILY_BUDGET,ENABLED,USD,4200,30,83.1,719.85,3,3,3,719.85,3,103,18,8,588,170,875
"Dec 29, 2025","=""501364882562485""",C.Keyword.Video.SB.UPS.IntelligentLCD.CP1500AVRLCD3.B0BCMLLSHL,,250,DAILY_BUDGET,ENABLED,USD,399,1,6.43,0.0,0,0,0,0.0,0,1,0,0,47,10,70
"Dec 18, 2025","=""300358990869228""",B.Keyword.Store.SB.UPS.StoreSpotlight,,250,DAILY_BUDGET,ENABLED,USD,582,14,11.47,3278.51,13,17,11,2589.91,15,166,30,19,0,0,427
"Dec 25, 2025","=""501364882562485""",C.Keyword.Video.SB.UPS.IntelligentLCD.CP1500AVRLCD3.B0BCMLLSHL,,250,DAILY_BUDGET,ENABLED,USD,221,3,8.07,0.0,0,0,0,0.0,0,2,1,0,31,12,40
"Dec 02, 2025","=""369323377946560""",B2B - N.Keyword.Store.SB.UPS.StoreSpotlight,,250,DAILY_BUDGET,ENABLED,USD,321,1,8.33,0.0,0,0,0,0.0,0,1,1,0,0,0,125
"Dec 09, 2025","=""490434522578484""",C.Keyword.Video.SB.UPS.PFCSinewave.CP1500PFCLCD.B00429N19W,,250,DAILY_BUDGET,ENABLED,USD,731,1,3.77,0.0,0,0,0,0.0,0,1,0,0,71,13,96
"Dec 01, 2025","=""450441693358033""",B2B - B.Keyword.Products.SB.UPS.1500units,,250,DAILY_BUDGET,ENABLED,USD,1687,2,2.37,0.0,0,0,0,0.0,0,11,0,0,0,0,176
"Dec 03, 2025","=""300358990869228""",B.Keyword.Store.SB.UPS.StoreSpotlight,,250,DAILY_BUDGET,ENABLED,USD,736,2,8.4,1913.28,10,10,8,1620.59,8,60,13,10,0,0,445
"Dec 11, 2025","=""425328024590643""",C.Keyword.Products.SB.UPS.1500units,,250,DAILY_BUDGET,ENABLED,USD,10485,32,88.16,947.75,5,5,5,947.75,5,89,6,12,0,0,3663
"Dec 23, 2025","=""425328024590643""",C.Keyword.Products.SB.UPS.1500units,,250,DAILY_BUDGET,ENABLED,USD,9095,38,103.13,1555.65,5,7,3,1175.75,5,107,10,12,0,0,3102
"Dec 01, 2025","=""501364882562485""",C.Keyword.Video.SB.UPS.IntelligentLCD.CP1500AVRLCD3.B0BCMLLSHL,,250,DAILY_BUDGET,ENABLED,USD,1060,1,2.65,0.0,0,0,0,0.0,0,1,0,0,155,27,218
"Dec 29, 2025","=""362619829731385""",B.Keyword.Video.SB.UPS.IntelligentLCD.CP1500AVRLCD3.B0BCMLLSHL,,250,DAILY_BUDGET,ENABLED,USD,3718,22,115.09,839.8,4,4,3,639.85,3,114,4,5,386,65,628
"Dec 19, 2025","=""362619829731385""",B.Keyword.Video.SB.UPS.IntelligentLCD.CP1500AVRLCD3.B0BCMLLSHL,,250,DAILY_BUDGET,ENABLED,USD,2626,16,112.37,439.9,2,2,1,239.95,1,60,2,7,295,35,445
"Dec 25, 2025","=""516203922618177""",N.Keyword.Store.SB.UPS.StoreSpotlight,,250,DAILY_BUDGET,ENABLED,USD,54313,153,429.54,1576.4,12,12,11,1456.45,11,267,192,19,0,0,14058
"Dec 06, 2025","=""425328024590643""",C.Keyword.Products.SB.UPS.1500units,,250,DAILY_BUDGET,ENABLED,USD,8441,29,67.09,859.8,4,4,4,859.8,4,139,5,12,0,0,2867
"Dec 19, 2025","=""501364882562485""",C.Keyword.Video.SB.UPS.IntelligentLCD.CP1500AVRLCD3.B0BCMLLSHL,,250,DAILY_BUDGET,ENABLED,USD,169,0,0.0,0.0,0,0,0,0.0,0,0,0,0,14,0,18
"Dec 24, 2025","=""84817009251939""",C.Keyword.Video.SB.PFCSinewave.CP1500PFCRM2U.B0B354X985,,250,DAILY_BUDGET,ENABLED,USD,2142,14,38.26,881.04,1,1,1,881.04,1,42,5,2,236,45,417
"Dec 17, 2025","=""517243732232070""",B.RSOV.Products.SB.UPS.1500units,,14507,LIFETIME_BUDGET,ENABLED,USD,1531,30,0.0,1257.65,6,7,5,1029.7,6,94,42,14,0,0,1155
"Dec 21, 2025","=""516203922618177""",N.Keyword.Store.SB.UPS.StoreSpotlight,,250,DAILY_BUDGET,ENABLED,USD,62656,146,421.87,2331.73,21,22,17,1871.93,18,337,222,60,0,0,14944
"Dec 28, 2025","=""84817009251939""",C.Keyword.Video.SB.PFCSinewave.CP1500PFCRM2U.B0B354X985,,250,DAILY_BUDGET,ENABLED,USD,3361,25,66.46,0.0,0,0,0,0.0,0,59,2,3,407,58,688
"Dec 10, 2025","=""288898439745613""",B2B - N.Keyword.Products.SB.UPS.1500units,,250,DAILY_BUDGET,ENABLED,USD,0,0,0.0,0.0,0,0,0,0.0,0,0,0,0,0,0,0
"Dec 23, 2025","=""300358990869228""",B.Keyword.Store.SB.UPS.StoreSpotlight,,250,DAILY_BUDGET,ENABLED,USD,256,2,5.64,333.85,2,3,2,333.85,3,45,2,9,0,0,166
"Dec 26, 2025","=""362619829731385""",B.Keyword.Video.SB.UPS.IntelligentLCD.CP1500AVRLCD3.B0BCMLLSHL,,250,DAILY_BUDGET,ENABLED,USD,2643,19,102.72,1199.7,2,6,2,1199.7,6,47,5,3,283,50,416
"Dec 31, 2025","=""84817009251939""",C.Keyword.Video.SB.PFCSinewave.CP1500PFCRM2U.B0B354X985,,250,DAILY_BUDGET,ENABLED,USD,1767,8,25.54,0.0,0,0,0,0.0,0,18,1,3,209,32,345
"Dec 26, 2025","=""84817009251939""",C.Keyword.Video.SB.PFCSinewave.CP1500PFCRM2U.B0B354X985,,250,DAILY_BUDGET,ENABLED,USD,2932,21,51.69,0.0,0,0,0,0.0,0,42,2,2,342,77,555
"Dec 14, 2025","=""501364882562485""",C.Keyword.Video.SB.UPS.IntelligentLCD.CP1500AVRLCD3.B0BCMLLSHL,,250,DAILY_BUDGET,ENABLED,USD,181,0,0.0,0.0,0,0,0,0.0,0,0,0,0,11,2,20
"Dec 29, 2025","=""84817009251939""",C.Keyword.Video.SB.PFCSinewave.CP1500PFCRM2U.B0B354X985,,250,DAILY_BUDGET,ENABLED,USD,4978,28,77.17,359.95,1,1,1,359.95,1,47,0,2,560,80,972
"Dec 25, 2025","=""335733425531216""",N.Keyword.Video.SB.UPS.PFCSinewave.CP1500PFCLCD.B00429N19W,,250,DAILY_BUDGET,ENABLED,USD,3437,16,37.42,59.95,1,1,1,59.95,1,38,5,2,451,141,667
"Dec 31, 2025","=""425328024590643""",C.Keyword.Products.SB.UPS.1500units,,250,DAILY_BUDGET,ENABLED,USD,9184,32,63.84,1499.65,7,7,7,1499.65,7,137,11,13,0,0,3872
"Dec 24, 2025","=""517243732232070""",B.RSOV.Products.SB.UPS.1500units,,14507,LIFETIME_BUDGET,ENABLED,USD,968,17,0.0,479.9,1,2,1,479.9,2,41,18,3,0,0,721
