Date,Campaign ID,Campaign name,Campaign currency code,Campaign budget amount,Campaign budget type,Campaign delivery status,Budget currency,Impressions,Clicks,Total cost,Sales,Purchases,Units sold,Purchases (new to brand),Sales (new to brand),Units sold (new to brand),Detail page views,Add to cart,Viewable impressions,Viewable rate
"Dec 04, 2025","=""401081905525372""",C.Competitor.Consumer.SD.UPS.PFCSineWave.CP1500PFCRM2U.B0B354X985,,250,DAILY_BUDGET,ENABLED,USD,0,0,0.0,0.0,0,0,0,0.0,0,0,0,0,
"Dec 17, 2025","=""401081905525372""",C.Competitor.Consumer.SD.UPS.PFCSineWave.CP1500PFCRM2U.B0B354X985,,250,DAILY_BUDGET,ENABLED,USD,10196,35,60.91,359.95,1,1,1,359.95,1,55,1,0,
"Dec 01, 2025","=""38365855708871""",C.SD.Product.UPS.SmartAppLCD.B000XJLLKG.OR700LCDRM1U,,250,DAILY_BUDGET,ENABLED,USD,7294,7,32.87,299.9,2,2,1,59.95,1,87,7,3790,
"Dec 10, 2025","=""287421757846510""",C.Keyword.Consumer.SD.UPS.PFCSineWave.CP1500PFCRM2U.B0B354X985,,250,DAILY_BUDGET,ENABLED,USD,6131,10,21.69,0.0,0,0,0,0.0,0,6,0,0,
"Dec 19, 2025","=""401081905525372""",C.Competitor.Consumer.SD.UPS.PFCSineWave.CP1500PFCRM2U.B0B354X985,,250,DAILY_BUDGET,ENABLED,USD,12954,52,95.34,669.85,3,3,1,149.95,1,69,7,0,
"Dec 02, 2025","=""51640494101738""",C.Product.Consumer.SP.UPS.PFCSineWave.CP1500PFCRM2U.B0B354X985,,250,DAILY_BUDGET,ENABLED,USD,34,0,0.0,0.0,0,0,0,0.0,0,0,0,0,
"Dec 08, 2025","=""401081905525372""",C.Competitor.Consumer.SD.UPS.PFCSineWave.CP1500PFCRM2U.B0B354X985,,250,DAILY_BUDGET,ENABLED,USD,4299,12,18.16,0.0,0,0,0,0.0,0,9,0,0,
"Dec 28, 2025","=""287421757846510""",C.Keyword.Consumer.SD.UPS.PFCSineWave.CP1500PFCRM2U.B0B354X985,,250,DAILY_BUDGET,ENABLED,USD,12696,32,73.88,0.0,0,0,0,0.0,0,34,1,0,
"Dec 17, 2025","=""51640494101738""",C.Product.Consumer.SP.UPS.PFCSineWave.CP1500PFCRM2U.B0B354X985,,250,DAILY_BUDGET,ENABLED,USD,106,0,0.0,0.0,0,0,0,0.0,0,0,0,0,
"Dec 24, 2025","=""170474248246250""",C.SD.Product.UPS.IntelligentLCD.CP1500AVRLCD3.B0BCMLLSHL,,250,DAILY_BUDGET,ENABLED,USD,165493,222,447.5,4855.57,21,26,14,1891.91,17,678,52,64660,
"Dec 20, 2025","=""263494384088815""",C.SD.Product.UPS.Ecologic.EC850LCD.B00DBAA696,,250,DAILY_BUDGET,ENABLED,USD,257720,187,1003.39,6690.68,39,41,35,6190.88,37,883,83,77225,
"Dec 29, 2025","=""296198269696664""",C.SD.Keyword.UPS.IntelligentLCD.CP1500AVRLCD3.B0BCMLLSHL,,250,DAILY_BUDGET,ENABLED,USD,999,4,8.42,0.0,0,0,0,0.0,0,5,0,0,
"Dec 29, 2025","=""51640494101738""",C.Product.Consumer.SP.UPS.PFCSineWave.CP1500PFCRM2U.B0B354X985,,250,DAILY_BUDGET,ENABLED,USD,0,0,0.0,0.0,0,0,0,0.0,0,1,0,0,
"Dec 23, 2025","=""38365855708871""",C.SD.Product.UPS.SmartAppLCD.B000XJLLKG.OR700LCDRM1U,,250,DAILY_BUDGET,ENABLED,USD,11348,12,40.24,279.95,1,1,1,279.95,1,97,6,6043,
"Dec 22, 2025","=""170474248246250""",C.SD.Product.UPS.IntelligentLCD.CP1500AVRLCD3.B0BCMLLSHL,,250,DAILY_BUDGET,ENABLED,USD,40875,73,131.56,1798.87,9,10,7,1330.02,7,207,10,18189,
"Dec 27, 2025","=""287421757846510""",C.Keyword.Consumer.SD.UPS.PFCSineWave.CP1500PFCRM2U.B0B354X985,,250,DAILY_BUDGET,ENABLED,USD,18353,36,82.42,0.0,0,0,0,0.0,0,44,0,0,
"Dec 09, 2025","=""263494384088815""",C.SD.Product.UPS.Ecologic.EC850LCD.B00DBAA696,,250,DAILY_BUDGET,ENABLED,USD,297625,158,999.2,10515.76,63,94,41,6264.85,62,883,100,84931,
"Dec 11, 2025","=""287421757846510""",C.Keyword.Consumer.SD.UPS.PFCSineWave.CP1500PFCRM2U.B0B354X985,,250,DAILY_BUDGET,ENABLED,USD,9492,29,55.12,359.95,1,1,0,0.0,0,30,1,0,
"Dec 04, 2025","=""38365855708871""",C.SD.Product.UPS.SmartAppLCD.B000XJLLKG.OR700LCDRM1U,,250,DAILY_BUDGET,ENABLED,USD,9418,4,35.32,1112.53,7,8,6,1043.58,7,133,10,4965,
"Dec 12, 2025","=""38365855708871""",C.SD.Product.UPS.SmartAppLCD.B000XJLLKG.OR700LCDRM1U,,250,DAILY_BUDGET,ENABLED,USD,3641,3,12.87,299.9,2,2,2,299.9,2,86,4,1890,
"Dec 03, 2025","=""38365855708871""",C.SD.Product.UPS.SmartAppLCD.B000XJLLKG.OR700LCDRM1U,,250,DAILY_BUDGET,ENABLED,USD,11341,13,37.6,1556.58,10,10,9,1306.63,9,198,22,5924,
"Dec 18, 2025","=""38365855708871""",C.SD.Product.UPS.SmartAppLCD.B000XJLLKG.OR700LCDRM1U,,250,DAILY_BUDGET,ENABLED,USD,2957,3,12.76,466.53,4,4,3,349.85,3,35,5,1732,
"Dec 22, 2025","=""287421757846510""",C.Keyword.Consumer.SD.UPS.PFCSineWave.CP1500PFCRM2U.B0B354X985,,250,DAILY_BUDGET,ENABLED,USD,7326,20,54.59,239.95,1,1,1,239.95,1,28,1,0,
"Dec 16, 2025","=""38365855708871""",C.SD.Product.UPS.SmartAppLCD.B000XJLLKG.OR700LCDRM1U,,250,DAILY_BUDGET,ENABLED,USD,3325,7,13.85,0.0,0,0,0,0.0,0,35,2,1665,
"Dec 05, 2025","=""401081905525372""",C.Competitor.Consumer.SD.UPS.PFCSineWave.CP1500PFCRM2U.B0B354X985,,250,DAILY_BUDGET,ENABLED,USD,26443,73,89.9,359.95,1,1,0,0.0,0,61,2,0,
"Dec 27, 2025","=""296198269696664""",C.SD.Keyword.UPS.IntelligentLCD.CP1500AVRLCD3.B0BCMLLSHL,,250,DAILY_BUDGET,ENABLED,USD,69552,182,239.07,199.95,1,1,0,0.0,0,229,1,0,
"Dec 01, 2025","=""263494384088815""",C.SD.Product.UPS.Ecologic.EC850LCD.B00DBAA696,,250,DAILY_BUDGET,ENABLED,USD,154335,84,996.28,3855.91,26,28,22,3412.12,23,380,35,51329,
"Dec 31, 2025","=""378661668519490""",B00429N18S_SD_Consideration_AUDT-Similar products views remarketing_cpc_20251230,,450,DAILY_BUDGET,PAUSED,USD,586,0,0.0,0.0,0,0,0,0.0,0,0,0,0,
"Dec 26, 2025","=""38365855708871""",C.SD.Product.UPS.SmartAppLCD.B000XJLLKG.OR700LCDRM1U,,250,DAILY_BUDGET,ENABLED,USD,4546,8,15.48,543.59,4,4,3,453.64,3,74,7,2288,
"Dec 22, 2025","=""51640494101738""",C.Product.Consumer.SP.UPS.PFCSineWave.CP1500PFCRM2U.B0B354X985,,250,DAILY_BUDGET,ENABLED,USD,317,0,0.0,0.0,0,0,0,0.0,0,0,0,0,
"Dec 12, 2025","=""263494384088815""",C.SD.Product.UPS.Ecologic.EC850LCD.B00DBAA696,,250,DAILY_BUDGET,ENABLED,USD,290887,223,905.53,7061.43,41,57,30,3275.25,40,913,71,94400,
"Dec 07, 2025","=""296198269696664""",C.SD.Keyword.UPS.IntelligentLCD.CP1500AVRLCD3.B0BCMLLSHL,,250,DAILY_BUDGET,ENABLED,USD,37504,83,191.72,0.0,0,0,0,0.0,0,31,0,0,
"Dec 25, 2025","=""170474248246250""",C.SD.Product.UPS.IntelligentLCD.CP1500AVRLCD3.B0BCMLLSHL,,250,DAILY_BUDGET,ENABLED,USD,169806,210,470.05,3457.58,21,23,16,3148.35,18,664,43,68957,
"Dec 06, 2025","=""38365855708871""",C.SD.Product.UPS.SmartAppLCD.B000XJLLKG.OR700LCDRM1U,,250,DAILY_BUDGET,ENABLED,USD,14212,11,55.25,1009.6,4,5,2,569.7,3,126,11,7688,
"Dec 31, 2025","=""560720574941385""",B00429N18S_SD_Conversion_AUDT-purchase remarketing-promoted products-key promoted products_cpc_20251230,,96,DAILY_BUDGET,PAUSED,USD,54,0,0.0,0.0,0,0,0,0.0,0,0,0,0,
"Dec 27, 2025","=""38365855708871""",C.SD.Product.UPS.SmartAppLCD.B000XJLLKG.OR700LCDRM1U,,250,DAILY_BUDGET,ENABLED,USD,9227,17,30.46,1673.2,6,6,3,529.89,3,163,16,4299,
"Dec 01, 2025","=""401081905525372""",C.Competitor.Consumer.SD.UPS.PFCSineWave.CP1500PFCRM2U.B0B354X985,,250,DAILY_BUDGET,ENABLED,USD,4493,17,48.55,69.8,1,1,1,69.8,1,19,1,0,
"Dec 23, 2025","=""263494384088815""",C.SD.Product.UPS.Ecologic.EC850LCD.B00DBAA696,,250,DAILY_BUDGET,ENABLED,USD,234777,144,999.57,5011.2,29,36,19,3173.85,23,601,52,66468,
"Dec 25, 2025","=""263494384088815""",C.SD.Product.UPS.Ecologic.EC850LCD.B00DBAA696,,250,DAILY_BUDGET,ENABLED,USD,216045,180,999.85,3368.25,15,15,11,2200.45,11,530,42,64112,
"Dec 24, 2025","=""38365855708871""",C.SD.Product.UPS.SmartAppLCD.B000XJLLKG.OR700LCDRM1U,,250,DAILY_BUDGET,ENABLED,USD,7403,13,26.29,1005.8,4,4,3,454.85,3,80,7,3936,
"Dec 10, 2025","=""170474248246250""",C.SD.Product.UPS.IntelligentLCD.CP1500AVRLCD3.B0BCMLLSHL,,250,DAILY_BUDGET,ENABLED,USD,27864,35,63.46,1259.88,6,7,5,1059.93,6,76,9,9037,
"Dec 18, 2025","=""51640494101738""",C.Product.Consumer.SP.UPS.PFCSineWave.CP1500PFCRM2U.B0B354X985,,250,DAILY_BUDGET,ENABLED,USD,216,2,1.6,0.0,0,0,0,0.0,0,3,1,0,
"Dec 26, 2025","=""51640494101738""",C.Product.Consumer.SP.UPS.PFCSineWave.CP1500PFCRM2U.B0B354X985,,250,DAILY_BUDGET,ENABLED,USD,715,3,2.66,0.0,0,0,0,0.0,0,2,0,0,
"Dec 16, 2025","=""296198269696664""",C.SD.Keyword.UPS.IntelligentLCD.CP1500AVRLCD3.B0BCMLLSHL,,250,DAILY_BUDGET,ENABLED,USD,41112,80,202.14,0.0,0,0,0,0.0,0,31,0,0,
"Dec 21, 2025","=""263494384088815""",C.SD.Product.UPS.Ecologic.EC850LCD.B00DBAA696,,250,DAILY_BUDGET,ENABLED,USD,277212,210,1000.63,5619.05,37,49,30,4942.65,38,961,63,83275,
"Dec 21, 2025","=""51640494101738""",C.Product.Consumer.SP.UPS.PFCSineWave.CP1500PFCRM2U.B0B354X985,,250,DAILY_BUDGET,ENABLED,USD,152,0,0.0,0.0,0,0,0,0.0,0,0,0,0,
"Dec 22, 2025","=""296198269696664""",C.SD.Keyword.UPS.IntelligentLCD.CP1500AVRLCD3.B0BCMLLSHL,,250,DAILY_BUDGET,ENABLED,USD,41851,106,195.28,96.95,1,1,1,96.95,1,94,0,0,
"Dec 28, 2025","=""263494384088815""",C.SD.Product.UPS.Ecologic.EC850LCD.B00DBAA696,,250,DAILY_BUDGET,ENABLED,USD,57495,51,224.5,396.8,4,4,3,299.85,3,147,9,17412,
"Dec 30, 2025","=""170474248246250""",C.SD.Product.UPS.IntelligentLCD.CP1500AVRLCD3.B0BCMLLSHL,,250,DAILY_BUDGET,ENABLED,USD,509,0,1.77,0.0,0,0,0,0.0,0,3,0,235,
"Dec 12, 2025","=""296198269696664""",C.SD.Keyword.UPS.IntelligentLCD.CP1500AVRLCD3.B0BCMLLSHL,,250,DAILY_BUDGET,ENABLED,USD,36248,73,200.93,0.0,0,0,0,0.0,0,50,0,0,
"Dec 16, 2025","=""170474248246250""",C.SD.Product.UPS.IntelligentLCD.CP1500AVRLCD3.B0BCMLLSHL,,250,DAILY_BUDGET,ENABLED,USD,7040,6,22.56,119.38,2,2,2,119.38,2,48,1,3214,
"Dec 18, 2025","=""287421757846510""",C.Keyword.Consumer.SD.UPS.PFCSineWave.CP1500PFCRM2U.B0B354X985,,250,DAILY_BUDGET,ENABLED,USD,13022,25,65.65,64.74,1,1,1,64.74,1,25,1,0,
"Dec 31, 2025","=""263494384088815""",C.SD.Product.UPS.Ecologic.EC850LCD.B00DBAA696,,250,DAILY_BUDGET,ENABLED,USD,60588,47,224.36,798.65,7,7,6,718.7,6,267,18,17570,
"Dec 13, 2025","=""401081905525372""",C.Competitor.Consumer.SD.UPS.PFCSineWave.CP1500PFCRM2U.B0B354X985,,250,DAILY_BUDGET,ENABLED,USD,17073,42,90.01,719.9,1,2,0,0.0,0,69,3,0,
"Dec 31, 2025","=""38365855708871""",C.SD.Product.UPS.SmartAppLCD.B000XJLLKG.OR700LCDRM1U,,250,DAILY_BUDGET,ENABLED,USD,0,0,0.0,0.0,0,0,0,0.0,0,0,0,0,
"Dec 24, 2025","=""287421757846510""",C.Keyword.Consumer.SD.UPS.PFCSineWave.CP1500PFCRM2U.B0B354X985,,250,DAILY_BUDGET,ENABLED,USD,7042,14,47.97,359.95,1,1,1,359.95,1,17,1,0,
"Dec 19, 2025","=""38365855708871""",C.SD.Product.UPS.SmartAppLCD.B000XJLLKG.OR700LCDRM1U,,250,DAILY_BUDGET,ENABLED,USD,1777,1,8.03,179.9,1,2,1,179.9,2,31,2,962,
"Dec 01, 2025","=""170474248246250""",C.SD.Product.UPS.IntelligentLCD.CP1500AVRLCD3.B0BCMLLSHL,,250,DAILY_BUDGET,ENABLED,USD,15809,18,69.06,0.0,0,0,0,0.0,0,40,1,6618,
"Dec 31, 2025","=""441244082318393""",B00429N18S_SD_Awareness_CXT-Complementary category_vcpm_20251230,,450,DAILY_BUDGET,PAUSED,USD,13,0,0.03,0.0,0,0,0,0.0,0,0,0,3,
"Dec 08, 2025","=""287421757846510""",C.Keyword.Consumer.SD.UPS.PFCSineWave.CP1500PFCRM2U.B0B354X985,,250,DAILY_BUDGET,ENABLED,USD,3554,8,10.93,0.0,0,0,0,0.0,0,5,0,0,
"Dec 26, 2025","=""287421757846510""",C.Keyword.Consumer.SD.UPS.PFCSineWave.CP1500PFCRM2U.B0B354X985,,250,DAILY_BUDGET,ENABLED,USD,36800,69,146.81,0.0,0,0,0,0.0,0,76,2,0,
"Dec 22, 2025","=""263494384088815""",C.SD.Product.UPS.Ecologic.EC850LCD.B00DBAA696,,250,DAILY_BUDGET,ENABLED,USD,274337,168,997.81,7467.31,31,38,27,6961.61,32,740,46,80322,
"Dec 14, 2025","=""170474248246250""",C.SD.Product.UPS.IntelligentLCD.CP1500AVRLCD3.B0BCMLLSHL,,250,DAILY_BUDGET,ENABLED,USD,19251,29,55.12,1794.74,13,26,12,1074.94,22,111,11,9103,
"Dec 06, 2025","=""401081905525372""",C.Competitor.Consumer.SD.UPS.PFCSineWave.CP1500PFCRM2U.B0B354X985,,250,DAILY_BUDGET,ENABLED,USD,16221,52,103.76,599.75,1,5,0,0.0,0,66,4,0,
"Dec 11, 2025","=""401081905525372""",C.Competitor.Consumer.SD.UPS.PFCSineWave.CP1500PFCRM2U.B0B354X985,,250,DAILY_BUDGET,ENABLED,USD,16363,49,65.01,0.0,0,0,0,0.0,0,39,0,0,
"Dec 21, 2025","=""170474248246250""",C.SD.Product.UPS.IntelligentLCD.CP1500AVRLCD3.B0BCMLLSHL,,250,DAILY_BUDGET,ENABLED,USD,19300,23,56.42,1325.75,6,6,6,1325.75,6,144,10,7851,
"Dec 20, 2025","=""38365855708871""",C.SD.Product.UPS.SmartAppLCD.B000XJLLKG.OR700LCDRM1U,,250,DAILY_BUDGET,ENABLED,USD,1808,3,8.27,397.86,3,6,2,317.91,5,26,4,981,
"Dec 23, 2025","=""401081905525372""",C.Competitor.Consumer.SD.UPS.PFCSineWave.CP1500PFCRM2U.B0B354X985,,250,DAILY_BUDGET,ENABLED,USD,18215,53,78.31,1881.8,2,4,1,479.9,2,83,3,0,
"Dec 10, 2025","=""296198269696664""",C.SD.Keyword.UPS.IntelligentLCD.CP1500AVRLCD3.B0BCMLLSHL,,250,DAILY_BUDGET,ENABLED,USD,76373,98,190.67,239.95,1,1,1,239.95,1,78,1,0,
"Dec 07, 2025","=""401081905525372""",C.Competitor.Consumer.SD.UPS.PFCSineWave.CP1500PFCRM2U.B0B354X985,,250,DAILY_BUDGET,ENABLED,USD,22227,47,57.06,599.9,2,2,1,359.95,1,56,1,0,
"Dec 02, 2025","=""401081905525372""",C.Competitor.Consumer.SD.UPS.PFCSineWave.CP1500PFCRM2U.B0B354X985,,250,DAILY_BUDGET,ENABLED,USD,3414,2,1.15,0.0,0,0,0,0.0,0,0,0,0,
"Dec 23, 2025","=""287421757846510""",C.Keyword.Consumer.SD.UPS.PFCSineWave.CP1500PFCRM2U.B0B354X985,,250,DAILY_BUDGET,ENABLED,USD,14110,26,31.58,0.0,0,0,0,0.0,0,23,1,0,
"Dec 21, 2025","=""287421757846510""",C.Keyword.Consumer.SD.UPS.PFCSineWave.CP1500PFCRM2U.B0B354X985,,250,DAILY_BUDGET,ENABLED,USD,12827,36,70.97,0.0,0,0,0,0.0,0,41,0,0,
"Dec 18, 2025","=""263494384088815""",C.SD.Product.UPS.Ecologic.EC850LCD.B00DBAA696,,250,DAILY_BUDGET,ENABLED,USD,250225,169,999.34,7039.17,40,55,25,4373.79,34,691,65,76901,
"Dec 01, 2025","=""51640494101738""",C.Product.Consumer.SP.UPS.PFCSineWave.CP1500PFCRM2U.B0B354X985,,250,DAILY_BUDGET,ENABLED,USD,214,0,0.0,0.0,0,0,0,0.0,0,0,0,0,
"Dec 23, 2025","=""51640494101738""",C.Product.Consumer.SP.UPS.PFCSineWave.CP1500PFCRM2U.B0B354X985,,250,DAILY_BUDGET,ENABLED,USD,267,0,0.0,0.0,0,0,0,0.0,0,0,0,0,
"Dec 09, 2025","=""51640494101738""",C.Product.Consumer.SP.UPS.PFCSineWave.CP1500PFCRM2U.B0B354X985,,250,DAILY_BUDGET,ENABLED,USD,374,1,6.74,0.0,0,0,0,0.0,0,0,0,0,
"Dec 25, 2025","=""287421757846510""",C.Keyword.Consumer.SD.UPS.PFCSineWave.CP1500PFCRM2U.B0B354X985,,250,DAILY_BUDGET,ENABLED,USD,0,0,0.0,0.0,0,0,0,0.0,0,0,0,0,
"Dec 02, 2025","=""38365855708871""",C.SD.Product.UPS.SmartAppLCD.B000XJLLKG.OR700LCDRM1U,,250,DAILY_BUDGET,ENABLED,USD,8529,5,32.11,1923.68,9,13,8,1683.73,12,111,10,4488,
"Dec 11, 2025","=""170474248246250""",C.SD.Product.UPS.IntelligentLCD.CP1500AVRLCD3.B0BCMLLSHL,,250,DAILY_BUDGET,ENABLED,USD,24680,25,73.16,740.16,5,6,5,740.16,6,67,6,9584,
"Dec 29, 2025","=""287421757846510""",C.Keyword.Consumer.SD.UPS.PFCSineWave.CP1500PFCRM2U.B0B354X985,,250,DAILY_BUDGET,ENABLED,USD,0,0,0.0,0.0,0,0,0,0.0,0,0,0,0,
"Dec 31, 2025","=""401081905525372""",C.Competitor.Consumer.SD.UPS.PFCSineWave.CP1500PFCRM2U.B0B354X985,,250,DAILY_BUDGET,ENABLED,USD,0,0,0.0,0.0,0,0,0,0.0,0,0,0,0,
"Dec 12, 2025","=""287421757846510""",C.Keyword.Consumer.SD.UPS.PFCSineWave.CP1500PFCRM2U.B0B354X985,,250,DAILY_BUDGET,ENABLED,USD,6719,19,36.19,0.0,0,0,0,0.0,0,23,0,0,
"Dec 06, 2025","=""287421757846510""",C.Keyword.Consumer.SD.UPS.PFCSineWave.CP1500PFCRM2U.B0B354X985,,250,DAILY_BUDGET,ENABLED,USD,22141,33,137.93,0.0,0,0,0,0.0,0,34,0,0,
"Dec 05, 2025","=""263494384088815""",C.SD.Product.UPS.Ecologic.EC850LCD.B00DBAA696,,250,DAILY_BUDGET,ENABLED,USD,271907,178,999.44,3252.63,29,32,21,2256.18,21,743,55,85904,
"Dec 30, 2025","=""38365855708871""",C.SD.Product.UPS.SmartAppLCD.B000XJLLKG.OR700LCDRM1U,,250,DAILY_BUDGET,ENABLED,USD,7189,7,23.88,994.35,7,13,5,854.45,11,113,11,3496,
"Dec 03, 2025","=""263494384088815""",C.SD.Product.UPS.Ecologic.EC850LCD.B00DBAA696,,250,DAILY_BUDGET,ENABLED,USD,283034,154,997.98,6272.83,36,96,23,3637.56,29,698,51,90563,
"Dec 19, 2025","=""287421757846510""",C.Keyword.Consumer.SD.UPS.PFCSineWave.CP1500PFCRM2U.B0B354X985,,250,DAILY_BUDGET,ENABLED,USD,6346,20,44.83,0.0,0,0,0,0.0,0,10,0,0,
"Dec 20, 2025","=""296198269696664""",C.SD.Keyword.UPS.IntelligentLCD.CP1500AVRLCD3.B0BCMLLSHL,,250,DAILY_BUDGET,ENABLED,USD,49418,112,195.14,0.0,0,0,0,0.0,0,71,2,0,
"Dec 09, 2025","=""401081905525372""",C.Competitor.Consumer.SD.UPS.PFCSineWave.CP1500PFCRM2U.B0B354X985,,250,DAILY_BUDGET,ENABLED,USD,20601,41,54.66,0.0,0,0,0,0.0,0,50,1,0,
"Dec 01, 2025","=""296198269696664""",C.SD.Keyword.UPS.IntelligentLCD.CP1500AVRLCD3.B0BCMLLSHL,,250,DAILY_BUDGET,ENABLED,USD,29173,71,204.12,0.0,0,0,0,0.0,0,52,1,0,
"Dec 22, 2025","=""401081905525372""",C.Competitor.Consumer.SD.UPS.PFCSineWave.CP1500PFCRM2U.B0B354X985,,250,DAILY_BUDGET,ENABLED,USD,12375,28,20.92,0.0,0,0,0,0.0,0,27,0,0,
"Dec 08, 2025","=""38365855708871""",C.SD.Product.UPS.SmartAppLCD.B000XJLLKG.OR700LCDRM1U,,250,DAILY_BUDGET,ENABLED,USD,5994,11,27.3,1224.49,5,6,4,944.54,5,88,6,3138,
"Dec 05, 2025","=""296198269696664""",C.SD.Keyword.UPS.IntelligentLCD.CP1500AVRLCD3.B0BCMLLSHL,,250,DAILY_BUDGET,ENABLED,USD,26575,52,212.85,0.0,0,0,0,0.0,0,32,0,0,
"Dec 29, 2025","=""263494384088815""",C.SD.Product.UPS.Ecologic.EC850LCD.B00DBAA696,,250,DAILY_BUDGET,ENABLED,USD,57751,48,224.54,2841.22,17,21,13,1620.52,15,323,17,17238,
"Dec 24, 2025","=""296198269696664""",C.SD.Keyword.UPS.IntelligentLCD.CP1500AVRLCD3.B0BCMLLSHL,,250,DAILY_BUDGET,ENABLED,USD,55832,153,185.29,0.0,0,0,0,0.0,0,150,0,0,
"Dec 19, 2025","=""51640494101738""",C.Product.Consumer.SP.UPS.PFCSineWave.CP1500PFCRM2U.B0B354X985,,250,DAILY_BUDGET,ENABLED,USD,427,1,0.39,0.0,0,0,0,0.0,0,0,0,0,
"Dec 07, 2025","=""287421757846510""",C.Keyword.Consumer.SD.UPS.PFCSineWave.CP1500PFCRM2U.B0B354X985,,250,DAILY_BUDGET,ENABLED,USD,9672,16,42.63,0.0,0,0,0,0.0,0,19,0,0,
"Dec 14, 2025","=""296198269696664""",C.SD.Keyword.UPS.IntelligentLCD.CP1500AVRLCD3.B0BCMLLSHL,,250,DAILY_BUDGET,ENABLED,USD,29056,67,201.02,0.0,0,0,0,0.0,0,22,0,0,
"Dec 06, 2025","=""51640494101738""",C.Product.Consumer.SP.UPS.PFCSineWave.CP1500PFCRM2U.B0B354X985,,250,DAILY_BUDGET,ENABLED,USD,284,0,0.0,0.0,0,0,0,0.0,0,0,0,0,
"Dec 21, 2025","=""401081905525372""",C.Competitor.Consumer.SD.UPS.PFCSineWave.CP1500PFCRM2U.B0B354X985,,250,DAILY_BUDGET,ENABLED,USD,16231,52,73.0,559.9,2,2,2,559.9,2,44,4,0,
"Dec 02, 2025","=""170474248246250""",C.SD.Product.UPS.IntelligentLCD.CP1500AVRLCD3.B0BCMLLSHL,,250,DAILY_BUDGET,ENABLED,USD,44436,42,112.91,0.0,0,0,0,0.0,0,70,4,15845,
"Dec 29, 2025","=""401081905525372""",C.Competitor.Consumer.SD.UPS.PFCSineWave.CP1500PFCRM2U.B0B354X985,,250,DAILY_BUDGET,ENABLED,USD,0,0,0.0,0.0,0,0,0,0.0,0,0,0,0,
"Dec 21, 2025","=""38365855708871""",C.SD.Product.UPS.SmartAppLCD.B000XJLLKG.OR700LCDRM1U,,250,DAILY_BUDGET,ENABLED,USD,1872,2,8.39,139.95,1,1,1,139.95,1,28,5,1072,
"Dec 18, 2025","=""401081905525372""",C.Competitor.Consumer.SD.UPS.PFCSineWave.CP1500PFCRM2U.B0B354X985,,250,DAILY_BUDGET,ENABLED,USD,13777,32,39.68,0.0,0,0,0,0.0,0,14,1,0,
"Dec 28, 2025","=""296198269696664""",C.SD.Keyword.UPS.IntelligentLCD.CP1500AVRLCD3.B0BCMLLSHL,,250,DAILY_BUDGET,ENABLED,USD,69954,163,226.29,0.0,0,0,0,0.0,0,118,0,0,
"Dec 25, 2025","=""38365855708871""",C.SD.Product.UPS.SmartAppLCD.B000XJLLKG.OR700LCDRM1U,,250,DAILY_BUDGET,ENABLED,USD,8491,13,31.18,0.0,0,0,0,0.0,0,65,4,4772,
"Dec 06, 2025","=""263494384088815""",C.SD.Product.UPS.Ecologic.EC850LCD.B00DBAA696,,250,DAILY_BUDGET,ENABLED,USD,242684,194,999.75,4352.76,25,36,22,3808.17,32,755,59,75238,
"Dec 15, 2025","=""170474248246250""",C.SD.Product.UPS.IntelligentLCD.CP1500AVRLCD3.B0BCMLLSHL,,250,DAILY_BUDGET,ENABLED,USD,4919,11,17.64,795.46,3,6,2,675.51,5,34,3,2366,
"Dec 10, 2025","=""38365855708871""",C.SD.Product.UPS.SmartAppLCD.B000XJLLKG.OR700LCDRM1U,,250,DAILY_BUDGET,ENABLED,USD,5882,8,22.42,1569.64,7,8,4,409.84,4,94,19,2877,
"Dec 30, 2025","=""287421757846510""",C.Keyword.Consumer.SD.UPS.PFCSineWave.CP1500PFCRM2U.B0B354X985,,250,DAILY_BUDGET,ENABLED,USD,7486,12,14.91,0.0,0,0,0,0.0,0,12,1,0,
"Dec 07, 2025","=""170474248246250""",C.SD.Product.UPS.IntelligentLCD.CP1500AVRLCD3.B0BCMLLSHL,,250,DAILY_BUDGET,ENABLED,USD,13147,15,44.88,1095.09,5,7,4,1082.14,6,65,3,6336,
"Dec 14, 2025","=""38365855708871""",C.SD.Product.UPS.SmartAppLCD.B000XJLLKG.OR700LCDRM1U,,250,DAILY_BUDGET,ENABLED,USD,1319,1,5.02,64.74,1,1,1,64.74,1,17,0,659,
"Dec 16, 2025","=""287421757846510""",C.Keyword.Consumer.SD.UPS.PFCSineWave.CP1500PFCRM2U.B0B354X985,,250,DAILY_BUDGET,ENABLED,USD,6782,15,24.03,0.0,0,0,0,0.0,0,7,1,0,
"Dec 03, 2025","=""296198269696664""",C.SD.Keyword.UPS.IntelligentLCD.CP1500AVRLCD3.B0BCMLLSHL,,250,DAILY_BUDGET,ENABLED,USD,33623,69,200.23,1169.35,2,13,0,0.0,0,44,2,0,
"Dec 06, 2025","=""296198269696664""",C.SD.Keyword.UPS.IntelligentLCD.CP1500AVRLCD3.B0BCMLLSHL,,250,DAILY_BUDGET,ENABLED,USD,33977,67,213.04,0.0,0,0,0,0.0,0,58,0,0,
"Dec 20, 2025","=""401081905525372""",C.Competitor.Consumer.SD.UPS.PFCSineWave.CP1500PFCRM2U.B0B354X985,,250,DAILY_BUDGET,ENABLED,USD,18785,63,68.02,719.9,2,2,1,359.95,1,62,3,0,
"Dec 25, 2025","=""296198269696664""",C.SD.Keyword.UPS.IntelligentLCD.CP1500AVRLCD3.B0BCMLLSHL,,250,DAILY_BUDGET,ENABLED,USD,44072,98,194.14,0.0,0,0,0,0.0,0,107,1,0,
"Dec 13, 2025","=""287421757846510""",C.Keyword.Consumer.SD.UPS.PFCSineWave.CP1500PFCRM2U.B0B354X985,,250,DAILY_BUDGET,ENABLED,USD,11610,22,48.41,0.0,0,0,0,0.0,0,25,3,0,
"Dec 05, 2025","=""170474248246250""",C.SD.Product.UPS.IntelligentLCD.CP1500AVRLCD3.B0BCMLLSHL,,250,DAILY_BUDGET,ENABLED,USD,131715,115,321.75,2252.97,16,28,15,1973.02,27,318,31,49237,
"Dec 29, 2025","=""38365855708871""",C.SD.Product.UPS.SmartAppLCD.B000XJLLKG.OR700LCDRM1U,,250,DAILY_BUDGET,ENABLED,USD,5042,10,16.71,799.44,7,7,3,459.85,3,98,12,2220,
"Dec 15, 2025","=""263494384088815""",C.SD.Product.UPS.Ecologic.EC850LCD.B00DBAA696,,250,DAILY_BUDGET,ENABLED,USD,249777,170,998.7,7458.33,44,66,33,5228.13,50,736,73,72825,
"Dec 05, 2025","=""287421757846510""",C.Keyword.Consumer.SD.UPS.PFCSineWave.CP1500PFCRM2U.B0B354X985,,250,DAILY_BUDGET,ENABLED,USD,13454,26,104.48,0.0,0,0,0,0.0,0,27,0,0,
"Dec 04, 2025","=""170474248246250""",C.SD.Product.UPS.IntelligentLCD.CP1500AVRLCD3.B0BCMLLSHL,,250,DAILY_BUDGET,ENABLED,USD,1018,3,2.94,519.9,2,2,2,519.9,2,16,1,425,
"Dec 17, 2025","=""38365855708871""",C.SD.Product.UPS.SmartAppLCD.B000XJLLKG.OR700LCDRM1U,,250,DAILY_BUDGET,ENABLED,USD,3867,5,16.23,1133.35,6,8,4,859.75,5,76,9,2063,
"Dec 17, 2025","=""263494384088815""",C.SD.Product.UPS.Ecologic.EC850LCD.B00DBAA696,,250,DAILY_BUDGET,ENABLED,USD,273983,199,1000.78,8598.36,46,64,34,5600.71,42,1109,106,89065,
"Dec 07, 2025","=""51640494101738""",C.Product.Consumer.SP.UPS.PFCSineWave.CP1500PFCRM2U.B0B354X985,,250,DAILY_BUDGET,ENABLED,USD,61,0,0.0,0.0,0,0,0,0.0,0,0,0,0,
"Dec 16, 2025","=""401081905525372""",C.Competitor.Consumer.SD.UPS.PFCSineWave.CP1500PFCRM2U.B0B354X985,,250,DAILY_BUDGET,ENABLED,USD,7914,35,29.56,218.19,1,1,1,218.19,1,25,0,0,
"Dec 11, 2025","=""296198269696664""",C.SD.Keyword.UPS.IntelligentLCD.CP1500AVRLCD3.B0BCMLLSHL,,250,DAILY_BUDGET,ENABLED,USD,77721,93,222.16,0.0,0,0,0,0.0,0,90,2,0,
"Dec 24, 2025","=""263494384088815""",C.SD.Product.UPS.Ecologic.EC850LCD.B00DBAA696,,250,DAILY_BUDGET,ENABLED,USD,219336,174,1002.4,4491.08,23,27,14,2989.33,15,590,44,63657,
"Dec 16, 2025","=""263494384088815""",C.SD.Product.UPS.Ecologic.EC850LCD.B00DBAA696,,250,DAILY_BUDGET,ENABLED,USD,290245,187,1000.38,9319.05,50,55,35,6771.16,37,935,76,88068,
"Dec 17, 2025","=""296198269696664""",C.SD.Keyword.UPS.IntelligentLCD.CP1500AVRLCD3.B0BCMLLSHL,,250,DAILY_BUDGET,ENABLED,USD,60199,130,207.54,199.95,1,1,0,0.0,0,68,1,0,
"Dec 31, 2025","=""382929702717487""",B00429N18S_SD_Awareness_AUDT-Complementary category views remarketing_vcpm_20251230,,450,DAILY_BUDGET,PAUSED,USD,7939,20,31.41,0.0,0,0,0,0.0,0,26,0,5228,
"Dec 08, 2025","=""51640494101738""",C.Product.Consumer.SP.UPS.PFCSineWave.CP1500PFCRM2U.B0B354X985,,250,DAILY_BUDGET,ENABLED,USD,169,0,0.0,0.0,0,0,0,0.0,0,0,0,0,
"Dec 12, 2025","=""170474248246250""",C.SD.Product.UPS.IntelligentLCD.CP1500AVRLCD3.B0BCMLLSHL,,250,DAILY_BUDGET,ENABLED,USD,9095,16,26.8,1856.58,9,24,6,1192.37,11,86,12,4706,
"Dec 09, 2025","=""38365855708871""",C.SD.Product.UPS.SmartAppLCD.B000XJLLKG.OR700LCDRM1U,,250,DAILY_BUDGET,ENABLED,USD,5180,10,22.34,194.22,1,3,0,0.0,0,86,7,2595,
"Dec 28, 2025","=""51640494101738""",C.Product.Consumer.SP.UPS.PFCSineWave.CP1500PFCRM2U.B0B354X985,,250,DAILY_BUDGET,ENABLED,USD,534,2,3.1,239.95,1,1,1,239.95,1,4,1,0,
"Dec 20, 2025","=""287421757846510""",C.Keyword.Consumer.SD.UPS.PFCSineWave.CP1500PFCRM2U.B0B354X985,,250,DAILY_BUDGET,ENABLED,USD,14550,41,72.97,359.95,1,1,1,359.95,1,34,1,0,
"Dec 31, 2025","=""170474248246250""",C.SD.Product.UPS.IntelligentLCD.CP1500AVRLCD3.B0BCMLLSHL,,250,DAILY_BUDGET,ENABLED,USD,0,0,0.0,0.0,0,0,0,0.0,0,0,0,0,
"Dec 05, 2025","=""51640494101738""",C.Product.Consumer.SP.UPS.PFCSineWave.CP1500PFCRM2U.B0B354X985,,250,DAILY_BUDGET,ENABLED,USD,405,4,11.78,89.95,1,1,1,89.95,1,8,1,0,
"Dec 13, 2025","=""38365855708871""",C.SD.Product.UPS.SmartAppLCD.B000XJLLKG.OR700LCDRM1U,,250,DAILY_BUDGET,ENABLED,USD,3311,6,12.17,124.69,2,2,2,124.69,2,47,3,1834,
"Dec 06, 2025","=""170474248246250""",C.SD.Product.UPS.IntelligentLCD.CP1500AVRLCD3.B0BCMLLSHL,,250,DAILY_BUDGET,ENABLED,USD,60934,79,230.62,1594.01,15,18,12,1160.88,15,243,18,30597,
"Dec 30, 2025","=""296198269696664""",C.SD.Keyword.UPS.IntelligentLCD.CP1500AVRLCD3.B0BCMLLSHL,,250,DAILY_BUDGET,ENABLED,USD,35756,51,118.73,0.0,0,0,0,0.0,0,28,0,0,
"Dec 20, 2025","=""170474248246250""",C.SD.Product.UPS.IntelligentLCD.CP1500AVRLCD3.B0BCMLLSHL,,250,DAILY_BUDGET,ENABLED,USD,15654,29,47.01,1190.0,10,10,9,1190.0,9,107,14,6468,
"Dec 27, 2025","=""263494384088815""",C.SD.Product.UPS.Ecologic.EC850LCD.B00DBAA696,,250,DAILY_BUDGET,ENABLED,USD,57543,61,224.99,924.65,7,11,7,924.65,11,238,16,18198,
"Dec 19, 2025","=""124438051163565""",C.SD.Product.UPS.PFCSinewave.CP1500PFCLCD.B00429N19W,,450,DAILY_BUDGET,ENABLED,USD,0,0,0.0,0.0,0,0,0,0.0,0,2,0,0,
"Dec 03, 2025","=""170474248246250""",C.SD.Product.UPS.IntelligentLCD.CP1500AVRLCD3.B0BCMLLSHL,,250,DAILY_BUDGET,ENABLED,USD,7681,13,19.51,0.0,0,0,0,0.0,0,30,2,3184,
"Dec 23, 2025","=""124438051163565""",C.SD.Product.UPS.PFCSinewave.CP1500PFCLCD.B00429N19W,,450,DAILY_BUDGET,ENABLED,USD,0,0,0.0,0.0,0,0,0,0.0,0,1,0,0,
"Dec 11, 2025","=""38365855708871""",C.SD.Product.UPS.SmartAppLCD.B000XJLLKG.OR700LCDRM1U,,250,DAILY_BUDGET,ENABLED,USD,5263,4,19.63,2377.65,6,7,5,2177.7,6,68,9,2698,
"Dec 31, 2025","=""520906012389097""",B00429N18S_SD_Consideration_CXT-Similar products_cpc_20251230,,450,DAILY_BUDGET,PAUSED,USD,201,1,0.72,0.0,0,0,0,0.0,0,0,0,0,
"Dec 19, 2025","=""263494384088815""",C.SD.Product.UPS.Ecologic.EC850LCD.B00DBAA696,,250,DAILY_BUDGET,ENABLED,USD,252530,163,998.98,8449.18,54,59,40,5380.06,43,1139,110,75871,
"Dec 28, 2025","=""401081905525372""",C.Competitor.Consumer.SD.UPS.PFCSineWave.CP1500PFCRM2U.B0B354X985,,250,DAILY_BUDGET,ENABLED,USD,14532,34,50.58,545.95,1,1,1,545.95,1,44,2,0,
"Dec 22, 2025","=""38365855708871""",C.SD.Product.UPS.SmartAppLCD.B000XJLLKG.OR700LCDRM1U,,250,DAILY_BUDGET,ENABLED,USD,2040,3,7.16,1556.7,5,6,4,1316.75,5,36,2,1048,
"Dec 02, 2025","=""287421757846510""",C.Keyword.Consumer.SD.UPS.PFCSineWave.CP1500PFCRM2U.B0B354X985,,250,DAILY_BUDGET,ENABLED,USD,1807,9,11.41,0.0,0,0,0,0.0,0,3,0,0,
"Dec 09, 2025","=""170474248246250""",C.SD.Product.UPS.IntelligentLCD.CP1500AVRLCD3.B0BCMLLSHL,,250,DAILY_BUDGET,ENABLED,USD,98750,94,276.7,1904.54,12,20,11,1890.2,14,258,20,37262,
"Dec 13, 2025","=""296198269696664""",C.SD.Keyword.UPS.IntelligentLCD.CP1500AVRLCD3.B0BCMLLSHL,,250,DAILY_BUDGET,ENABLED,USD,33236,76,180.25,199.95,1,1,1,199.95,1,88,1,0,
"Dec 14, 2025","=""51640494101738""",C.Product.Consumer.SP.UPS.PFCSineWave.CP1500PFCRM2U.B0B354X985,,250,DAILY_BUDGET,ENABLED,USD,467,2,0.72,0.0,0,0,0,0.0,0,0,0,0,
"Dec 20, 2025","=""51640494101738""",C.Product.Consumer.SP.UPS.PFCSineWave.CP1500PFCRM2U.B0B354X985,,250,DAILY_BUDGET,ENABLED,USD,652,0,0.0,0.0,0,0,0,0.0,0,0,0,0,
"Dec 13, 2025","=""263494384088815""",C.SD.Product.UPS.Ecologic.EC850LCD.B00DBAA696,,250,DAILY_BUDGET,ENABLED,USD,305829,239,1026.01,5971.97,35,42,29,4573.59,33,915,55,101966,
"Dec 27, 2025","=""170474248246250""",C.SD.Product.UPS.IntelligentLCD.CP1500AVRLCD3.B0BCMLLSHL,,250,DAILY_BUDGET,ENABLED,USD,47023,68,126.8,1855.89,15,18,9,1228.24,11,381,33,19432,
"Dec 24, 2025","=""51640494101738""",C.Product.Consumer.SP.UPS.PFCSineWave.CP1500PFCRM2U.B0B354X985,,250,DAILY_BUDGET,ENABLED,USD,474,0,0.0,0.0,0,0,0,0.0,0,0,0,0,
"Dec 30, 2025","=""401081905525372""",C.Competitor.Consumer.SD.UPS.PFCSineWave.CP1500PFCRM2U.B0B354X985,,250,DAILY_BUDGET,ENABLED,USD,4142,18,24.99,0.0,0,0,0,0.0,0,18,1,0,
"Dec 28, 2025","=""38365855708871""",C.SD.Product.UPS.SmartAppLCD.B000XJLLKG.OR700LCDRM1U,,250,DAILY_BUDGET,ENABLED,USD,8616,14,25.08,2184.5,8,10,4,1189.7,6,131,10,4094,
"Dec 09, 2025","=""296198269696664""",C.SD.Keyword.UPS.IntelligentLCD.CP1500AVRLCD3.B0BCMLLSHL,,250,DAILY_BUDGET,ENABLED,USD,55559,103,184.65,0.0,0,0,0,0.0,0,89,1,0,
"Dec 16, 2025","=""51640494101738""",C.Product.Consumer.SP.UPS.PFCSineWave.CP1500PFCRM2U.B0B354X985,,250,DAILY_BUDGET,ENABLED,USD,103,0,0.0,0.0,0,0,0,0.0,0,0,0,0,
"Dec 15, 2025","=""38365855708871""",C.SD.Product.UPS.SmartAppLCD.B000XJLLKG.OR700LCDRM1U,,250,DAILY_BUDGET,ENABLED,USD,6250,6,25.71,1199.7,5,6,5,1199.7,6,46,7,3394,
"Dec 11, 2025","=""263494384088815""",C.SD.Product.UPS.Ecologic.EC850LCD.B00DBAA696,,250,DAILY_BUDGET,ENABLED,USD,311600,220,1001.47,12368.27,53,70,45,11045.89,60,988,103,86621,
"Dec 10, 2025","=""263494384088815""",C.SD.Product.UPS.Ecologic.EC850LCD.B00DBAA696,,250,DAILY_BUDGET,ENABLED,USD,339744,230,999.61,13363.03,73,89,57,9926.89,65,1143,105,93416,
"Dec 14, 2025","=""287421757846510""",C.Keyword.Consumer.SD.UPS.PFCSineWave.CP1500PFCRM2U.B0B354X985,,250,DAILY_BUDGET,ENABLED,USD,17035,43,112.72,0.0,0,0,0,0.0,0,59,3,0,
"Dec 15, 2025","=""296198269696664""",C.SD.Keyword.UPS.IntelligentLCD.CP1500AVRLCD3.B0BCMLLSHL,,250,DAILY_BUDGET,ENABLED,USD,82552,127,186.39,0.0,0,0,0,0.0,0,65,0,0,
"Dec 17, 2025","=""170474248246250""",C.SD.Product.UPS.IntelligentLCD.CP1500AVRLCD3.B0BCMLLSHL,,250,DAILY_BUDGET,ENABLED,USD,25515,56,69.39,4427.63,5,7,5,4427.63,7,152,10,11403,
"Dec 09, 2025","=""287421757846510""",C.Keyword.Consumer.SD.UPS.PFCSineWave.CP1500PFCRM2U.B0B354X985,,250,DAILY_BUDGET,ENABLED,USD,12597,24,46.77,359.95,1,1,0,0.0,0,26,0,0,
"Dec 14, 2025","=""263494384088815""",C.SD.Product.UPS.Ecologic.EC850LCD.B00DBAA696,,250,DAILY_BUDGET,ENABLED,USD,274771,193,1069.79,3535.1,29,34,27,3274.17,31,868,70,90020,
"Dec 26, 2025","=""296198269696664""",C.SD.Keyword.UPS.IntelligentLCD.CP1500AVRLCD3.B0BCMLLSHL,,250,DAILY_BUDGET,ENABLED,USD,83186,177,251.42,849.75,3,5,1,449.85,3,178,6,0,
"Dec 07, 2025","=""38365855708871""",C.SD.Product.UPS.SmartAppLCD.B000XJLLKG.OR700LCDRM1U,,250,DAILY_BUDGET,ENABLED,USD,3493,4,12.4,210.92,4,4,2,72.94,2,37,6,1941,
"Dec 19, 2025","=""296198269696664""",C.SD.Keyword.UPS.IntelligentLCD.CP1500AVRLCD3.B0BCMLLSHL,,250,DAILY_BUDGET,ENABLED,USD,80825,123,197.14,0.0,0,0,0,0.0,0,90,0,0,
"Dec 13, 2025","=""51640494101738""",C.Product.Consumer.SP.UPS.PFCSineWave.CP1500PFCRM2U.B0B354X985,,250,DAILY_BUDGET,ENABLED,USD,339,2,2.64,0.0,0,0,0,0.0,0,7,1,0,
"Dec 19, 2025","=""170474248246250""",C.SD.Product.UPS.IntelligentLCD.CP1500AVRLCD3.B0BCMLLSHL,,250,DAILY_BUDGET,ENABLED,USD,11707,19,39.96,1172.58,7,10,4,445.83,5,100,12,5664,
"Dec 02, 2025","=""296198269696664""",C.SD.Keyword.UPS.IntelligentLCD.CP1500AVRLCD3.B0BCMLLSHL,,250,DAILY_BUDGET,ENABLED,USD,55167,56,234.21,0.0,0,0,0,0.0,0,25,2,0,
"Dec 15, 2025","=""51640494101738""",C.Product.Consumer.SP.UPS.PFCSineWave.CP1500PFCRM2U.B0B354X985,,250,DAILY_BUDGET,ENABLED,USD,135,0,0.0,0.0,0,0,0,0.0,0,0,0,0,
"Dec 29, 2025","=""170474248246250""",C.SD.Product.UPS.IntelligentLCD.CP1500AVRLCD3.B0BCMLLSHL,,250,DAILY_BUDGET,ENABLED,USD,388,0,1.93,0.0,0,0,0,0.0,0,2,0,235,
"Dec 01, 2025","=""287421757846510""",C.Keyword.Consumer.SD.UPS.PFCSineWave.CP1500PFCRM2U.B0B354X985,,250,DAILY_BUDGET,ENABLED,USD,1416,8,14.74,0.0,0,0,0,0.0,0,2,0,0,
"Dec 02, 2025","=""124438051163565""",C.SD.Product.UPS.PFCSinewave.CP1500PFCLCD.B00429N19W,,450,DAILY_BUDGET,ENABLED,USD,0,0,0.0,0.0,0,0,0,0.0,0,1,0,0,
"Dec 18, 2025","=""296198269696664""",C.SD.Keyword.UPS.IntelligentLCD.CP1500AVRLCD3.B0BCMLLSHL,,250,DAILY_BUDGET,ENABLED,USD,48942,125,198.03,0.0,0,0,0,0.0,0,69,1,0,
"Dec 12, 2025","=""51640494101738""",C.Product.Consumer.SP.UPS.PFCSineWave.CP1500PFCRM2U.B0B354X985,,250,DAILY_BUDGET,ENABLED,USD,193,0,0.0,0.0,0,0,0,0.0,0,0,0,0,
"Dec 04, 2025","=""296198269696664""",C.SD.Keyword.UPS.IntelligentLCD.CP1500AVRLCD3.B0BCMLLSHL,,250,DAILY_BUDGET,ENABLED,USD,29141,66,199.33,0.0,0,0,0,0.0,0,63,0,0,
"Dec 26, 2025","=""401081905525372""",C.Competitor.Consumer.SD.UPS.PFCSineWave.CP1500PFCRM2U.B0B354X985,,250,DAILY_BUDGET,ENABLED,USD,18640,51,83.1,1619.75,5,5,3,1079.85,3,73,7,0,
"Dec 15, 2025","=""287421757846510""",C.Keyword.Consumer.SD.UPS.PFCSineWave.CP1500PFCRM2U.B0B354X985,,250,DAILY_BUDGET,ENABLED,USD,4196,10,28.63,0.0,0,0,0,0.0,0,19,1,0,
"Dec 10, 2025","=""51640494101738""",C.Product.Consumer.SP.UPS.PFCSineWave.CP1500PFCRM2U.B0B354X985,,250,DAILY_BUDGET,ENABLED,USD,94,1,0.45,0.0,0,0,0,0.0,0,1,0,0,
"Dec 23, 2025","=""170474248246250""",C.SD.Product.UPS.IntelligentLCD.CP1500AVRLCD3.B0BCMLLSHL,,250,DAILY_BUDGET,ENABLED,USD,238160,279,609.89,9028.85,37,42,24,4269.56,27,832,54,91532,
"Dec 10, 2025","=""401081905525372""",C.Competitor.Consumer.SD.UPS.PFCSineWave.CP1500PFCRM2U.B0B354X985,,250,DAILY_BUDGET,ENABLED,USD,10823,19,40.66,0.0,0,0,0,0.0,0,19,4,0,
"Dec 03, 2025","=""401081905525372""",C.Competitor.Consumer.SD.UPS.PFCSineWave.CP1500PFCRM2U.B0B354X985,,250,DAILY_BUDGET,ENABLED,USD,0,0,0.0,0.0,0,0,0,0.0,0,1,0,0,
"Dec 26, 2025","=""170474248246250""",C.SD.Product.UPS.IntelligentLCD.CP1500AVRLCD3.B0BCMLLSHL,,250,DAILY_BUDGET,ENABLED,USD,66186,86,194.83,4471.59,20,30,16,2583.29,16,379,36,28700,
"Dec 25, 2025","=""401081905525372""",C.Competitor.Consumer.SD.UPS.PFCSineWave.CP1500PFCRM2U.B0B354X985,,250,DAILY_BUDGET,ENABLED,USD,0,0,0.0,0.0,0,0,0,0.0,0,0,0,0,
"Dec 27, 2025","=""401081905525372""",C.Competitor.Consumer.SD.UPS.PFCSineWave.CP1500PFCRM2U.B0B354X985,,250,DAILY_BUDGET,ENABLED,USD,22992,71,85.28,0.0,0,0,0,0.0,0,69,0,0,
"Dec 13, 2025","=""170474248246250""",C.SD.Product.UPS.IntelligentLCD.CP1500AVRLCD3.B0BCMLLSHL,,250,DAILY_BUDGET,ENABLED,USD,22426,23,66.54,519.41,7,8,5,457.07,6,97,11,10318,
"Dec 13, 2025","=""124438051163565""",C.SD.Product.UPS.PFCSinewave.CP1500PFCLCD.B00429N19W,,450,DAILY_BUDGET,ENABLED,USD,0,0,0.0,0.0,0,0,0,0.0,0,1,0,0,
"Dec 07, 2025","=""263494384088815""",C.SD.Product.UPS.Ecologic.EC850LCD.B00DBAA696,,250,DAILY_BUDGET,ENABLED,USD,288743,207,997.49,6201.34,46,57,37,4918.68,46,829,77,86271,
"Dec 02, 2025","=""263494384088815""",C.SD.Product.UPS.Ecologic.EC850LCD.B00DBAA696,,250,DAILY_BUDGET,ENABLED,USD,237934,158,995.74,9810.78,28,33,20,6488.43,20,708,55,74462,
"Dec 24, 2025","=""401081905525372""",C.Competitor.Consumer.SD.UPS.PFCSineWave.CP1500PFCRM2U.B0B354X985,,250,DAILY_BUDGET,ENABLED,USD,11908,28,50.93,239.95,1,1,1,239.95,1,48,3,0,
"Dec 31, 2025","=""296198269696664""",C.SD.Keyword.UPS.IntelligentLCD.CP1500AVRLCD3.B0BCMLLSHL,,250,DAILY_BUDGET,ENABLED,USD,0,0,0.0,0.0,0,0,0,0.0,0,1,0,0,
"Dec 15, 2025","=""401081905525372""",C.Competitor.Consumer.SD.UPS.PFCSineWave.CP1500PFCRM2U.B0B354X985,,250,DAILY_BUDGET,ENABLED,USD,4736,12,21.65,459.9,1,2,0,0.0,0,16,1,0,
"Dec 08, 2025","=""170474248246250""",C.SD.Product.UPS.IntelligentLCD.CP1500AVRLCD3.B0BCMLLSHL,,250,DAILY_BUDGET,ENABLED,USD,8078,2,23.07,680.21,5,5,4,480.26,4,37,6,3325,
"Dec 30, 2025","=""51640494101738""",C.Product.Consumer.SP.UPS.PFCSineWave.CP1500PFCRM2U.B0B354X985,,250,DAILY_BUDGET,ENABLED,USD,121,0,0.0,0.0,0,0,0,0.0,0,0,0,0,
"Dec 18, 2025","=""170474248246250""",C.SD.Product.UPS.IntelligentLCD.CP1500AVRLCD3.B0BCMLLSHL,,250,DAILY_BUDGET,ENABLED,USD,61090,75,170.72,2596.64,13,17,8,1556.94,11,273,22,27106,
"Dec 08, 2025","=""263494384088815""",C.SD.Product.UPS.Ecologic.EC850LCD.B00DBAA696,,250,DAILY_BUDGET,ENABLED,USD,302982,196,999.06,11432.41,51,79,39,8311.44,48,937,88,87464,
"Dec 04, 2025","=""263494384088815""",C.SD.Product.UPS.Ecologic.EC850LCD.B00DBAA696,,250,DAILY_BUDGET,ENABLED,USD,268518,181,999.99,7334.34,39,83,25,4515.24,53,826,69,84512,
"Dec 14, 2025","=""401081905525372""",C.Competitor.Consumer.SD.UPS.PFCSineWave.CP1500PFCRM2U.B0B354X985,,250,DAILY_BUDGET,ENABLED,USD,19071,47,99.06,599.9,2,2,1,359.95,1,66,2,0,
"Dec 17, 2025","=""287421757846510""",C.Keyword.Consumer.SD.UPS.PFCSineWave.CP1500PFCRM2U.B0B354X985,,250,DAILY_BUDGET,ENABLED,USD,10376,21,42.35,359.95,1,1,1,359.95,1,28,2,0,
"Dec 11, 2025","=""51640494101738""",C.Product.Consumer.SP.UPS.PFCSineWave.CP1500PFCRM2U.B0B354X985,,250,DAILY_BUDGET,ENABLED,USD,256,0,0.0,0.0,0,0,0,0.0,0,0,0,0,
"Dec 27, 2025","=""51640494101738""",C.Product.Consumer.SP.UPS.PFCSineWave.CP1500PFCRM2U.B0B354X985,,250,DAILY_BUDGET,ENABLED,USD,379,0,0.0,0.0,0,0,0,0.0,0,0,0,0,
"Dec 21, 2025","=""296198269696664""",C.SD.Keyword.UPS.IntelligentLCD.CP1500AVRLCD3.B0BCMLLSHL,,250,DAILY_BUDGET,ENABLED,USD,38499,114,202.44,0.0,0,0,0,0.0,0,55,0,0,
"Dec 31, 2025","=""339355478634336""",B00429N18S_SD_Consideration_AUDT-Competitive brands views remarketing_cpc_20251230,,450,DAILY_BUDGET,PAUSED,USD,40,3,1.53,0.0,0,0,0,0.0,0,2,0,0,
"Dec 05, 2025","=""38365855708871""",C.SD.Product.UPS.SmartAppLCD.B000XJLLKG.OR700LCDRM1U,,250,DAILY_BUDGET,ENABLED,USD,6316,7,23.1,1616.87,10,15,7,1299.45,11,136,19,3258,
"Dec 08, 2025","=""296198269696664""",C.SD.Keyword.UPS.IntelligentLCD.CP1500AVRLCD3.B0BCMLLSHL,,250,DAILY_BUDGET,ENABLED,USD,90044,98,180.91,0.0,0,0,0,0.0,0,82,0,0,
"Dec 23, 2025","=""296198269696664""",C.SD.Keyword.UPS.IntelligentLCD.CP1500AVRLCD3.B0BCMLLSHL,,250,DAILY_BUDGET,ENABLED,USD,62751,169,227.6,0.0,0,0,0,0.0,0,192,0,0,
"Dec 26, 2025","=""263494384088815""",C.SD.Product.UPS.Ecologic.EC850LCD.B00DBAA696,,250,DAILY_BUDGET,ENABLED,USD,203622,120,801.52,5173.72,22,28,18,4553.92,24,527,48,60771,
"Dec 31, 2025","=""287421757846510""",C.Keyword.Consumer.SD.UPS.PFCSineWave.CP1500PFCRM2U.B0B354X985,,250,DAILY_BUDGET,ENABLED,USD,0,0,0.0,0.0,0,0,0,0.0,0,0,0,0,
"Dec 30, 2025","=""263494384088815""",C.SD.Product.UPS.Ecologic.EC850LCD.B00DBAA696,,250,DAILY_BUDGET,ENABLED,USD,68622,55,224.84,2822.19,16,18,14,2605.29,16,375,30,21004,
"Dec 28, 2025","=""170474248246250""",C.SD.Product.UPS.IntelligentLCD.CP1500AVRLCD3.B0BCMLLSHL,,250,DAILY_BUDGET,ENABLED,USD,36265,50,134.49,1829.6,7,9,5,669.8,5,229,20,19056,
"Dec 12, 2025","=""401081905525372""",C.Competitor.Consumer.SD.UPS.PFCSineWave.CP1500PFCRM2U.B0B354X985,,250,DAILY_BUDGET,ENABLED,USD,7346,32,32.69,0.0,0,0,0,0.0,0,28,0,0,
