order_id,order_name,date,flight_total_cost,campaign_total_cost,total_sales,total_purchases,impressions,clicks,new_to_brand_purchases,new_to_brand_product_sales
577121841661811234,+o.name+,2026-01-01,2207.291549,2207.291549,9378.89,54,348715,401,25,5894.70
577121841661811234,+o.name+,2026-01-02,2701.853736,2701.853736,21143.02,86,458568,362,37,9343.95
577121841661811234,+o.name+,2026-01-03,2691.423659,2691.423659,20431.16,99,506544,423,48,11777.95
577121841661811234,+o.name+,2026-01-04,2686.492126,2686.492126,27409.01,116,525639,398,55,12879.15
577121841661811234,+o.name+,2026-01-05,3137.448311,3137.448311,42179.79,209,518878,357,75,18053.74
577121841661811234,+o.name+,2026-01-06,3324.686212,3324.686212,44473.50,197,588388,365,71,16933.97
577121841661811234,+o.name+,2026-01-07,1651.432592,1651.432592,46376.65,174,310233,183,58,15862.88
577121841661811234,+o.name+,2026-01-08,2157.552835,2157.552835,59980.16,172,423871,295,50,12563.25
577121841661811234,+o.name+,2026-01-09,2429.074465,2429.074465,56890.11,200,441396,284,58,15691.98
577121841661811234,+o.name+,2026-01-10,3225.143359,1828.892902,10004.14,49,590730,396,20,4762.95
577121841661811234,+o.name+,2026-01-11,3204.310608,2005.573531,12369.09,51,554639,371,25,6138.65
577121841661811234,+o.name+,2026-01-12,3463.944595,2143.856307,17505.51,76,695266,315,25,6234.60
577121841661811234,+o.name+,2026-01-13,3467.403271,2501.657944,0.00,0,886732,541,0,0.00
577121841661811234,+o.name+,2026-01-14,3401.517692,5569.636953,0.00,0,1427674,408,0,0.00
577121841661811234,+o.name+,2026-01-15,3265.594579,3265.594579,44287.02,157,1344087,291,41,10697.82
577121841661811234,+o.name+,2026-01-16,4829.695126,4829.695126,29860.90,125,815018,301,31,7430.35
577121841661811234,+o.name+,2026-01-17,4355.901500,4355.901500,12793.04,65,778259,301,19,4227.05
577121841661811234,+o.name+,2026-01-18,3985.138152,3985.138152,17766.14,81,989123,429,19,4563.00
577121841661811234,+o.name+,2026-01-19,3686.692414,3686.692414,29802.97,146,792732,283,33,8072.20
577121841661811234,+o.name+,2026-01-20,3657.220639,3657.220639,43124.78,156,822331,242,47,12761.84
577121841661811234,+o.name+,2026-01-21,3429.902184,3429.902184,43544.14,167,1113573,406,56,14149.64
577121841661811234,+o.name+,2026-01-22,3373.407717,3373.407717,44394.02,185,1241793,515,52,14349.28
577121841661811234,+o.name+,2026-01-23,3269.909108,3269.909108,35626.70,133,1185283,694,35,8378.10
577121841661811234,+o.name+,2026-01-24,3291.970705,3291.970705,16707.25,75,1232216,475,26,6144.65
577121841661811234,+o.name+,2026-01-25,3234.522802,3234.522802,13678.43,72,1210561,417,23,5337.85
577121841661811234,+o.name+,2026-01-26,3256.279921,3256.279921,23747.30,87,1205742,333,25,5936.65
577121841661811234,+o.name+,2026-01-27,3138.122146,3138.122146,23822.77,103,1131012,259,29,7718.30
577121841661811234,+o.name+,2026-01-28,3190.358811,3190.358811,38738.69,120,1153657,269,26,5862.70
577121841661811234,+o.name+,2026-01-29,3185.507388,3185.507388,26985.04,127,1046214,318,26,6044.70
577121841661811234,+o.name+,2026-01-30,3242.792266,3242.792266,36151.62,122,982259,294,24,5524.80
577121841661811234,+o.name+,2026-01-31,3213.435331,3213.435331,21548.18,70,976742,384,28,6386.60
577121841661811234,+o.name+,2026-02-01,3241.334257,3241.334257,17182.13,75,745994,265,24,6086.75
577121841661811234,+o.name+,2026-02-02,2910.320704,2910.320704,24483.10,95,1005152,195,22,5746.75
577121841661811234,+o.name+,2026-02-03,3181.509353,3181.509353,33529.52,129,1038669,297,35,9191.90
577121841661811234,+o.name+,2026-02-04,3139.154763,3139.154763,27286.67,116,987765,252,24,5696.70
577121841661811234,+o.name+,2026-02-05,3258.667912,3258.667912,34476.27,119,910432,249,32,10067.75
577121841661811234,+o.name+,2026-02-06,3325.198725,3325.198725,27682.97,115,1046100,270,34,8080.20
577121841661811234,+o.name+,2026-02-07,3283.883377,3283.883377,11231.46,55,1052818,346,17,4029.10
577121841661811234,+o.name+,2026-02-08,3246.013565,3246.013565,8962.47,41,1055358,353,9,1996.95
577121841661811234,+o.name+,2026-02-09,3188.161855,3188.161855,30938.61,102,1044555,230,16,4249.05
577121841661811234,+o.name+,2026-02-10,3284.896181,3284.896181,23878.62,86,497765,175,20,4774.85
577121841661811234,+o.name+,2026-02-11,3246.759467,3246.759467,20791.95,92,493815,201,14,3405.25
577121841661811234,+o.name+,2026-02-12,3305.358473,3305.358473,20015.06,77,757293,178,15,3911.15
577121841661811234,+o.name+,2026-02-13,3289.156017,3289.156017,16184.03,66,1005379,285,15,3899.15
577121841661811234,+o.name+,2026-02-14,3236.064480,3236.064480,10855.59,47,684041,264,15,3459.20
577121841661811234,+o.name+,2026-02-15,3226.629343,0.000000,0.00,0,1073195,393,0,0.00
577121841661811234,+o.name+,2026-02-16,3224.615852,0.000000,0.00,0,1101091,443,0,0.00
577121841661811234,+o.name+,2026-02-17,3159.981707,5636.364358,0.00,0,634037,246,0,0.00
577121841661811234,+o.name+,2026-02-18,3213.491893,5551.585303,0.00,0,716101,201,0,0.00
577121841661811234,+o.name+,2026-02-19,3165.104762,5080.183366,0.00,0,617394,174,0,0.00
577121841661811234,+o.name+,2026-02-20,3202.012787,0.000000,0.00,0,1588965,249,0,0.00
577121841661811234,+o.name+,2026-02-21,3179.907485,5180.336450,0.00,0,1664079,240,0,0.00
577121841661811234,+o.name+,2026-02-22,3195.017622,5074.837539,0.00,0,1516188,272,0,0.00
577121841661811234,+o.name+,2026-02-23,3189.954372,4981.184618,0.00,0,1539818,198,0,0.00
577121841661811234,+o.name+,2026-02-24,3184.591012,4907.818454,0.00,0,1600583,289,0,0.00
577121841661811234,+o.name+,2026-02-25,3194.638639,4855.114025,0.00,0,1669513,214,0,0.00
577121841661811234,+o.name+,2026-02-26,3185.067495,4831.786737,0.00,0,1627751,202,0,0.00
577121841661811234,+o.name+,2026-02-27,3179.938203,4788.718283,0.00,0,1567879,265,0,0.00
577121841661811234,+o.name+,2026-02-28,3179.376901,4732.896875,0.00,0,1814154,256,0,0.00
577121841661811234,+o.name+,2026-03-01,3193.957703,4767.331108,0.00,0,2285470,300,0,0.00
577121841661811234,+o.name+,2026-03-02,3179.338000,0.000000,0.00,0,1784719,254,0,0.00
577121841661811234,+o.name+,2026-03-03,3890.145273,0.000000,0.00,0,2035725,305,0,0.00
577121841661811234,+o.name+,2026-03-04,5209.718921,5760.810789,199.95,1,2596452,411,0,0.00
577121841661811234,+o.name+,2026-03-05,4843.330192,0.000000,0.00,0,1988445,337,0,0.00
577121841661811234,+o.name+,2026-03-06,4636.460784,0.000000,0.00,0,1723849,305,0,0.00
577121841661811234,+o.name+,2026-03-07,4212.649695,0.000000,0.00,0,2044732,480,0,0.00
577121841661811234,+o.name+,2026-03-08,3865.978678,5026.671920,0.00,0,1939308,424,0,0.00
577121841661811234,+o.name+,2026-03-09,3665.786724,0.000000,0.00,0,1934171,320,0,0.00
577121841661811234,+o.name+,2026-03-10,969.235776,0.000000,0.00,0,400117,101,0,0.00
577121841661811234,+o.name+,2026-03-11,967.182172,0.000000,0.00,0,384651,77,0,0.00
577121841661811234,+o.name+,2026-03-12,929.186825,0.000000,0.00,0,458171,67,0,0.00
577121841661811234,+o.name+,2026-03-13,789.751045,0.000000,3353.84,21,382901,70,4,919.80
577121841661811234,+o.name+,2026-03-14,653.667030,23.421468,1200.65,6,256678,65,2,479.90
577121841661811234,+o.name+,2026-03-15,626.005128,2423.545165,0.00,0,256819,58,0,0.00
577121841661811234,+o.name+,2026-03-16,610.190643,2379.754793,0.00,0,257497,49,0,0.00
577121841661811234,+o.name+,2026-03-17,1672.171109,0.000000,0.00,0,401804,78,0,0.00
577121841661811234,+o.name+,2026-03-18,1083.754538,4234.936339,1848.50,9,291727,56,2,439.90
577121841661811234,+o.name+,2026-03-19,677.258585,4014.947968,1335.65,6,276127,53,3,679.85
577121841661811234,+o.name+,2026-03-20,689.307687,3983.282049,154.53,3,276694,52,0,0.00
577121841661811234,+o.name+,2026-03-21,682.876421,3944.868465,500.33,3,286715,45,1,199.95
577121841661811234,+o.name+,2026-03-22,672.349104,3860.146404,0.00,0,289181,65,0,0.00
577121841661811234,+o.name+,2026-03-23,409.124555,1972.816362,4508.15,7,236576,42,2,479.90
577121841661811234,+o.name+,2026-03-24,267.080367,1841.989920,239.85,1,168834,23,0,0.00
577121841661811234,+o.name+,2026-03-25,277.180305,1964.063440,449.80,3,152404,24,1,239.95
577121841661811234,+o.name+,2026-03-26,270.998022,1930.329686,0.00,0,163428,30,0,0.00
577121841661811234,+o.name+,2026-03-27,192.983262,30.000000,240.00,1,125947,20,0,0.00
577121841661811234,+o.name+,2026-03-28,199.177310,50.000000,779.00,2,153024,30,0,0.00
577121841661811234,+o.name+,2026-03-29,154.501855,1367.000000,200.00,1,125955,18,0,0.00
577121841661811234,+o.name+,2026-03-30,115.283763,943.000000,0.00,0,129096,16,0,0.00
577121841661811234,+o.name+,2026-03-31,0.674108,804.000000,315.00,2,495,262,0,0.00
577121841661811234,+o.name+,2026-04-01,0.000000,0.000000,0.00,0,0,0,0,0.00
577121841661811234,+o.name+,2026-04-02,0.000000,0.000000,240.00,1,0,0,0,0.00
577121841661811234,+o.name+,2026-04-03,0.000000,0.000000,0.00,0,0,0,0,0.00
577121841661811234,+o.name+,2026-04-04,0.000000,0.000000,18.00,1,0,0,0,0.00
577121841661811234,+o.name+,2026-04-05,0.000000,0.000000,120.00,1,0,0,0,0.00
577121841661811234,+o.name+,2026-04-06,0.000000,0.000000,0.00,0,0,0,0,0.00
577121841661811234,+o.name+,2026-04-07,0.000000,0.000000,0.00,0,0,0,0,0.00
577121841661811234,+o.name+,2026-04-08,0.000000,0.000000,0.00,0,0,0,0,0.00
577121841661811234,+o.name+,2026-04-09,0.000000,0.000000,0.00,0,0,0,0,0.00
577121841661811234,+o.name+,2026-04-10,0.000000,0.000000,0.00,0,0,0,0,0.00
577121841661811234,+o.name+,2026-04-11,0.000000,0.000000,0.00,0,0,0,0,0.00
577121841661811234,+o.name+,2026-04-12,0.000000,0.000000,180.00,1,0,0,0,0.00
577121841661811234,+o.name+,2026-04-13,0.000000,0.000000,0.00,0,0,0,0,0.00
577121841661811234,+o.name+,2026-04-14,0.000000,0.000000,0.00,0,0,0,0,0.00
577121841661811234,+o.name+,2026-04-15,0.000000,0.000000,0.00,0,0,0,0,0.00
577121841661811234,+o.name+,2026-04-16,0.000000,0.000000,0.00,0,0,0,0,0.00
577121841661811234,+o.name+,2026-04-17,0.000000,0.000000,0.00,0,0,0,0,0.00
577791050225926455,+o.name+,2026-01-01,555.951596,555.951596,1655.05,9,85957,131,1,341.95
577791050225926455,+o.name+,2026-01-02,1351.792429,1351.792429,16726.55,63,171441,113,8,2861.60
577791050225926455,+o.name+,2026-01-03,1239.095026,1239.095026,12143.62,50,163195,158,4,1421.80
577791050225926455,+o.name+,2026-01-04,1278.683878,1278.683878,7912.21,32,169050,140,2,719.90
577791050225926455,+o.name+,2026-01-05,2063.148319,2063.148319,26204.35,100,301462,189,8,3185.55
577791050225926455,+o.name+,2026-01-06,1977.002310,1977.002310,29248.62,110,257981,130,7,2447.65
577791050225926455,+o.name+,2026-01-07,1910.030234,1910.030234,25695.98,85,279930,176,10,3563.50
577791050225926455,+o.name+,2026-01-08,1887.129159,1887.129159,41331.69,118,266560,219,7,2825.60
577791050225926455,+o.name+,2026-01-09,1723.729445,1723.729445,24627.25,96,269213,169,13,4967.30
577791050225926455,+o.name+,2026-01-10,1705.112241,1346.695668,8548.97,49,312818,200,7,2519.65
577791050225926455,+o.name+,2026-01-11,1664.481823,1306.973018,7526.88,38,233354,202,3,1079.85
577791050225926455,+o.name+,2026-01-12,1598.520382,1254.839184,21380.39,70,279290,160,3,1061.85
577791050225926455,+o.name+,2026-01-13,1603.955337,1603.955337,25600.56,93,299942,161,9,4211.40
577791050225926455,+o.name+,2026-01-14,5667.348248,6198.458951,0.00,0,583771,231,0,0.00
577791050225926455,+o.name+,2026-01-15,7812.078728,7812.078728,30137.37,108,999180,182,8,3185.55
577791050225926455,+o.name+,2026-01-16,5933.304832,5933.304832,16326.47,75,666669,148,7,2764.60
577791050225926455,+o.name+,2026-01-17,5862.218346,5862.218346,7102.51,40,659788,234,3,1079.85
577791050225926455,+o.name+,2026-01-18,5336.566825,5336.566825,7195.65,33,985699,622,4,1421.80
577791050225926455,+o.name+,2026-01-19,4519.495763,4519.495763,21361.13,79,825282,548,5,1781.75
577791050225926455,+o.name+,2026-01-20,4334.398443,4334.398443,51593.87,163,870096,288,10,4227.22
577791050225926455,+o.name+,2026-01-21,3749.831800,3749.831800,33394.69,143,798283,224,7,2447.65
577791050225926455,+o.name+,2026-01-22,3697.528445,3697.528445,41861.08,145,968639,317,8,3203.55
577791050225926455,+o.name+,2026-01-23,3395.676156,3395.676156,32705.36,132,616344,312,3,1079.85
577791050225926455,+o.name+,2026-01-24,3625.803555,3625.803555,7050.48,33,470686,847,2,701.90
577791050225926455,+o.name+,2026-01-25,3343.941814,3343.941814,10378.40,51,523094,543,5,2159.70
577791050225926455,+o.name+,2026-01-26,3347.198538,3347.198538,30713.65,109,516936,516,7,2447.65
577791050225926455,+o.name+,2026-01-27,3122.320319,3122.320319,35148.21,140,420800,325,5,1781.75
577791050225926455,+o.name+,2026-01-28,3238.874866,3238.874866,27079.03,97,447967,561,10,3581.50
577791050225926455,+o.name+,2026-01-29,3054.601201,3054.601201,24891.32,101,332583,599,5,2066.70
577791050225926455,+o.name+,2026-01-30,3175.651394,3175.651394,30278.66,100,314208,160,4,1396.80
577791050225926455,+o.name+,2026-01-31,3380.000792,3380.000792,9053.72,36,270066,95,4,1421.80
577791050225926455,+o.name+,2026-02-01,3448.550924,3448.550924,12609.05,51,286995,98,2,719.90
577791050225926455,+o.name+,2026-02-02,3100.491552,3100.491552,41256.15,132,309476,104,10,3545.50
577791050225926455,+o.name+,2026-02-03,3006.138574,3006.138574,67335.67,154,355068,91,8,3160.55
577791050225926455,+o.name+,2026-02-04,3126.500237,3126.500237,25819.91,111,362073,96,9,3203.55
577791050225926455,+o.name+,2026-02-05,3216.288464,3216.288464,29732.26,109,373592,93,6,2159.70
577791050225926455,+o.name+,2026-02-06,3356.492801,3356.492801,32824.49,107,428200,121,5,2501.65
577791050225926455,+o.name+,2026-02-07,3143.097613,3143.097613,7472.63,26,309425,110,4,1439.80
577791050225926455,+o.name+,2026-02-08,3334.579122,3334.579122,16593.68,34,319908,102,5,1799.75
577791050225926455,+o.name+,2026-02-09,3135.530187,3135.530187,23310.06,91,387605,106,6,2123.70
577791050225926455,+o.name+,2026-02-10,3355.732145,3355.732145,24538.93,101,398935,443,6,2141.70
577791050225926455,+o.name+,2026-02-11,2744.507800,2744.507800,25091.24,87,324306,141,12,5993.15
577791050225926455,+o.name+,2026-02-12,3420.443145,3420.443145,23115.47,95,902902,162,7,3185.55
577791050225926455,+o.name+,2026-02-13,3300.647754,3300.647754,17882.69,54,1033336,176,9,3563.50
577791050225926455,+o.name+,2026-02-14,3156.977505,3156.977505,6200.35,28,558976,109,3,1079.85
577791050225926455,+o.name+,2026-02-15,3384.968842,0.000000,885.84,3,1248773,183,0,0.00
577791050225926455,+o.name+,2026-02-16,3064.465359,3298.990021,4775.61,14,726001,127,1,359.95
577791050225926455,+o.name+,2026-02-17,3134.798175,3372.695816,5716.50,18,580720,111,0,0.00
577791050225926455,+o.name+,2026-02-18,3284.863965,0.000000,3542.95,11,694616,119,0,0.00
577791050225926455,+o.name+,2026-02-19,2947.742829,3185.368095,7048.85,12,517248,92,0,0.00
577791050225926455,+o.name+,2026-02-20,3331.287888,3587.270849,9172.35,19,1649645,210,0,0.00
577791050225926455,+o.name+,2026-02-21,3230.890371,3308.048776,656.80,2,1933511,324,0,0.00
577791050225926455,+o.name+,2026-02-22,3234.804142,3314.830991,2825.60,7,2086397,326,0,0.00
577791050225926455,+o.name+,2026-02-23,3224.849846,3555.514306,5181.59,16,1765823,255,0,0.00
577791050225926455,+o.name+,2026-02-24,3224.912045,3551.298780,4736.84,13,1995692,381,0,0.00
577791050225926455,+o.name+,2026-02-25,3214.986216,3566.910871,4102.24,12,2297194,314,0,0.00
577791050225926455,+o.name+,2026-02-26,3208.442817,3561.736945,10031.72,17,2190744,287,0,0.00
577791050225926455,+o.name+,2026-02-27,3210.197364,167.002414,6585.04,12,1840238,265,0,0.00
577791050225926455,+o.name+,2026-02-28,3215.970222,82.679526,359.95,1,2106534,316,0,0.00
577791050225926455,+o.name+,2026-03-01,3202.719262,3294.039051,359.95,1,2343203,386,0,0.00
577791050225926455,+o.name+,2026-03-02,3201.625547,3532.666054,6482.42,18,1793811,276,1,359.95
577791050225926455,+o.name+,2026-03-03,3215.963563,3546.508523,12904.88,19,1703711,250,0,0.00
577791050225926455,+o.name+,2026-03-04,3167.728098,3517.381900,11308.76,19,1315963,342,0,0.00
577791050225926455,+o.name+,2026-03-05,3040.277030,3340.768480,2676.96,8,1328120,347,0,0.00
577791050225926455,+o.name+,2026-03-06,3223.833162,0.000000,2827.95,11,1098014,357,0,0.00
577791050225926455,+o.name+,2026-03-07,3223.646742,3330.500632,1567.48,5,1573312,540,0,0.00
577791050225926455,+o.name+,2026-03-08,3191.082125,3300.965834,239.95,1,1546322,496,0,0.00
577791050225926455,+o.name+,2026-03-09,3225.525711,3671.053824,7370.36,18,1463607,341,1,341.95
577791050225926455,+o.name+,2026-03-10,1221.249742,1526.419213,4418.99,16,160554,89,0,0.00
577791050225926455,+o.name+,2026-03-11,1361.646307,1647.457300,7320.27,21,145141,84,0,0.00
577791050225926455,+o.name+,2026-03-12,2088.776335,2264.656737,4163.05,15,568116,187,0,0.00
577791050225926455,+o.name+,2026-03-13,2107.422654,625.708556,12769.51,22,766827,199,0,0.00
577791050225926455,+o.name+,2026-03-14,1946.194347,2047.856592,1199.80,3,1040112,210,0,0.00
577791050225926455,+o.name+,2026-03-15,2022.359226,2124.539570,1864.11,5,1149555,233,0,0.00
577791050225926455,+o.name+,2026-03-16,2173.704683,2280.144274,11654.50,30,800477,213,0,0.00
577791050225926455,+o.name+,2026-03-17,2140.502055,2436.869370,15772.25,25,778452,166,0,0.00
577791050225926455,+o.name+,2026-03-18,2143.006137,665.747781,4089.91,12,1294959,163,0,0.00
577791050225926455,+o.name+,2026-03-19,2146.342502,2496.978398,12144.24,32,1122499,166,0,0.00
577791050225926455,+o.name+,2026-03-20,2142.712228,653.685650,7474.69,14,1245934,178,0,0.00
577791050225926455,+o.name+,2026-03-21,1988.831506,2102.956177,1498.85,4,887118,159,0,0.00
577791050225926455,+o.name+,2026-03-22,1974.178892,2085.936425,2098.08,4,1022353,235,0,0.00
577791050225926455,+o.name+,2026-03-23,1163.103379,422.072970,11043.61,18,479386,104,0,0.00
577791050225926455,+o.name+,2026-03-24,929.082068,1046.472860,6668.31,16,577847,67,0,0.00
577791050225926455,+o.name+,2026-03-25,902.519866,1039.090705,7830.70,20,308788,69,1,323.95
577791050225926455,+o.name+,2026-03-26,790.100486,379.606886,5191.22,15,147047,61,0,0.00
577791050225926455,+o.name+,2026-03-27,801.994298,938.000000,3335.00,15,141883,46,0,0.00
577791050225926455,+o.name+,2026-03-28,766.176285,875.000000,3290.00,8,199443,66,0,0.00
577791050225926455,+o.name+,2026-03-29,668.493629,748.000000,466.00,2,215977,41,0,0.00
577791050225926455,+o.name+,2026-03-30,596.190730,663.000000,8883.00,22,196897,39,0,0.00
577791050225926455,+o.name+,2026-03-31,511.195526,587.000000,8732.00,19,198325,56,0,0.00
577791050225926455,+o.name+,2026-04-01,0.775203,0.000000,4118.00,11,112,2,0,0.00
577791050225926455,+o.name+,2026-04-02,0.000000,0.000000,2078.00,6,0,0,0,0.00
577791050225926455,+o.name+,2026-04-03,0.000000,0.000000,1809.00,7,0,0,0,0.00
577791050225926455,+o.name+,2026-04-04,0.000000,0.000000,1330.00,3,0,0,0,0.00
577791050225926455,+o.name+,2026-04-05,0.000000,0.000000,1309.00,2,0,0,0,0.00
577791050225926455,+o.name+,2026-04-06,0.000000,0.000000,2407.00,7,0,0,0,0.00
577791050225926455,+o.name+,2026-04-07,0.000000,0.000000,430.00,2,0,0,0,0.00
577791050225926455,+o.name+,2026-04-08,0.000000,0.000000,97.00,1,0,0,0,0.00
577791050225926455,+o.name+,2026-04-09,0.000000,0.000000,1977.00,4,0,0,0,0.00
577791050225926455,+o.name+,2026-04-10,0.000000,0.000000,1627.00,3,0,0,0,0.00
577791050225926455,+o.name+,2026-04-11,0.000000,0.000000,110.00,1,0,0,0,0.00
577791050225926455,+o.name+,2026-04-12,0.000000,0.000000,0.00,0,0,0,0,0.00
577791050225926455,+o.name+,2026-04-13,0.000000,0.000000,342.00,1,0,0,0,0.00
577791050225926455,+o.name+,2026-04-14,0.000000,0.000000,342.00,1,0,0,0,0.00
577791050225926455,+o.name+,2026-04-15,0.000000,0.000000,0.00,0,0,0,0,0.00
577791050225926455,+o.name+,2026-04-16,0.000000,0.000000,0.00,0,0,0,0,0.00
577791050225926455,+o.name+,2026-04-17,0.000000,0.000000,0.00,0,0,0,0,0.00
582993263973926238,+o.name+,2026-01-14,1420.126353,0.000000,4940.74,24,353066,239,2,479.90
582993263973926238,+o.name+,2026-01-15,1720.884803,1720.884803,11970.88,45,342371,155,5,1046.75
582993263973926238,+o.name+,2026-01-16,1688.653565,1688.653565,10547.18,41,309233,124,7,2359.50
582993263973926238,+o.name+,2026-01-17,1666.777511,1666.777511,8197.19,39,311990,190,11,3079.30
582993263973926238,+o.name+,2026-01-18,1734.001255,1734.001255,8434.97,35,348603,189,9,2279.50
582993263973926238,+o.name+,2026-01-19,1724.176113,1724.176113,17086.30,62,364521,164,10,2519.45
582993263973926238,+o.name+,2026-01-20,1666.217200,1666.217200,26315.59,97,358492,179,15,3636.20
582993263973926238,+o.name+,2026-01-21,1607.048519,1607.048519,21674.93,88,419809,223,11,3042.30
582993263973926238,+o.name+,2026-01-22,1582.067269,1582.067269,25758.38,92,396176,187,20,5618.75
582993263973926238,+o.name+,2026-01-23,1641.418210,1641.418210,23878.08,99,413299,242,16,4273.15
582993263973926238,+o.name+,2026-01-24,1594.849587,1594.849587,12816.59,68,441246,275,12,2787.40
582993263973926238,+o.name+,2026-01-25,1660.635334,1660.635334,16110.85,77,456017,230,17,3959.15
582993263973926238,+o.name+,2026-01-26,1641.571653,1641.571653,35440.77,135,485719,204,19,5214.85
582993263973926238,+o.name+,2026-01-27,1686.133333,1686.133333,36891.72,121,479472,209,19,5756.65
582993263973926238,+o.name+,2026-01-28,1583.511734,1583.511734,29909.39,119,495171,166,14,3515.20
582993263973926238,+o.name+,2026-01-29,1584.323942,1584.323942,31770.28,114,501639,149,13,3905.30
582993263973926238,+o.name+,2026-01-30,1612.394786,1612.394786,22912.97,95,519702,194,16,3584.80
582993263973926238,+o.name+,2026-01-31,1685.145784,1685.145784,18146.89,82,525716,204,18,4549.00
582993263973926238,+o.name+,2026-02-01,1601.007710,1601.007710,17308.58,71,421209,116,27,7466.35
582993263973926238,+o.name+,2026-02-02,1480.610686,1480.610686,32419.52,132,702828,91,14,3125.30
582993263973926238,+o.name+,2026-02-03,1719.334299,1719.334299,26380.19,96,695023,202,13,3320.35
582993263973926238,+o.name+,2026-02-04,1701.783611,1701.783611,33167.04,106,620172,231,18,5018.90
582993263973926238,+o.name+,2026-02-05,1726.852645,1726.852645,43044.41,145,618481,170,17,3827.10
582993263973926238,+o.name+,2026-02-06,1712.006739,1712.006739,38107.29,128,665678,180,15,3787.15
582993263973926238,+o.name+,2026-02-07,1700.619975,1700.619975,20370.82,80,601721,212,14,3519.25
582993263973926238,+o.name+,2026-02-08,1698.352590,1698.352590,13820.97,60,580269,163,9,2029.55
582993263973926238,+o.name+,2026-02-09,1689.468011,1689.468011,25910.59,123,652355,161,16,4409.05
582993263973926238,+o.name+,2026-02-10,2854.040727,2854.040727,26705.21,103,705072,246,13,2937.35
582993263973926238,+o.name+,2026-02-11,2823.144152,2823.144152,26211.87,96,591506,223,11,4644.95
582993263973926238,+o.name+,2026-02-12,2712.309805,2712.309805,25176.29,96,647952,233,16,4690.90
582993263973926238,+o.name+,2026-02-13,2702.175479,2702.175479,21768.78,87,623513,198,12,3107.35
582993263973926238,+o.name+,2026-02-14,2626.253172,2626.253172,9274.18,44,577151,209,8,1799.60
582993263973926238,+o.name+,2026-02-15,2607.528461,422.881022,2127.79,8,588424,216,0,0.00
582993263973926238,+o.name+,2026-02-16,3424.231037,5298.641523,5249.41,22,836091,207,0,0.00
582993263973926238,+o.name+,2026-02-17,4159.113575,5404.438856,7388.78,18,788687,206,0,0.00
582993263973926238,+o.name+,2026-02-18,3915.198479,668.731059,5692.90,26,668811,165,0,0.00
582993263973926238,+o.name+,2026-02-19,3427.547577,5217.509633,5813.38,15,439479,100,0,0.00
582993263973926238,+o.name+,2026-02-20,3623.946391,5340.334609,3723.81,14,883703,203,0,0.00
582993263973926238,+o.name+,2026-02-21,3297.645414,5026.154535,1675.43,7,939620,255,0,0.00
582993263973926238,+o.name+,2026-02-22,3097.421895,733.754185,1174.43,5,910411,225,0,0.00
582993263973926238,+o.name+,2026-02-23,2910.690502,4845.575484,7997.66,16,1051124,184,0,0.00
582993263973926238,+o.name+,2026-02-24,2785.475694,0.000000,7226.43,20,917127,187,0,0.00
582993263973926238,+o.name+,2026-02-25,2700.964578,607.143534,3364.92,13,859151,166,0,0.00
582993263973926238,+o.name+,2026-02-26,2659.716391,0.000000,5714.29,16,829671,173,0,0.00
582993263973926238,+o.name+,2026-02-27,2623.174554,0.000000,6914.20,23,812984,174,1,199.95
582993263973926238,+o.name+,2026-02-28,2594.206442,4785.976997,1265.33,8,931161,245,0,0.00
582993263973926238,+o.name+,2026-03-01,2568.733257,0.000000,722.16,5,976290,223,1,199.95
582993263973926238,+o.name+,2026-03-02,2544.229219,0.000000,4643.63,13,1000964,197,1,199.95
582993263973926238,+o.name+,2026-03-03,2537.893555,5022.751153,4669.56,14,921194,173,0,0.00
582993263973926238,+o.name+,2026-03-04,2530.546283,293.163307,4074.26,17,1058143,220,0,0.00
582993263973926238,+o.name+,2026-03-05,2438.849339,307.532877,2119.64,13,877360,172,0,0.00
582993263973926238,+o.name+,2026-03-06,2557.907728,5488.839956,3815.75,19,862032,246,0,0.00
582993263973926238,+o.name+,2026-03-07,2552.987760,5223.722083,994.09,7,877692,218,0,0.00
582993263973926238,+o.name+,2026-03-08,2516.420054,0.000000,555.74,3,820749,190,0,0.00
582993263973926238,+o.name+,2026-03-09,2536.121787,4997.197068,2473.55,14,996990,203,0,0.00
582993263973926238,+o.name+,2026-03-10,655.596310,428.468900,4964.45,16,226023,43,0,0.00
582993263973926238,+o.name+,2026-03-11,480.674907,2812.470120,3136.26,12,157637,37,0,0.00
582993263973926238,+o.name+,2026-03-12,334.506388,2808.603015,3772.62,11,113484,26,0,0.00
582993263973926238,+o.name+,2026-03-13,332.993875,2649.537902,1962.31,9,112747,37,0,0.00
582993263973926238,+o.name+,2026-03-14,320.081395,2491.972214,1465.86,7,114572,26,0,0.00
582993263973926238,+o.name+,2026-03-15,290.621458,0.000000,951.92,3,103616,42,0,0.00
582993263973926238,+o.name+,2026-03-16,292.002779,69.557861,2402.62,13,102347,23,0,0.00
582993263973926238,+o.name+,2026-03-17,1641.320197,4548.433427,3253.55,14,608611,132,0,0.00
582993263973926238,+o.name+,2026-03-18,1521.433426,4243.751418,1526.38,8,519361,137,0,0.00
582993263973926238,+o.name+,2026-03-19,1456.334283,3947.201197,3538.41,15,477911,110,0,0.00
582993263973926238,+o.name+,2026-03-20,1409.893382,3952.546905,1852.22,6,411036,114,0,0.00
582993263973926238,+o.name+,2026-03-21,1355.093290,3915.322652,354.11,1,379820,115,0,0.00
582993263973926238,+o.name+,2026-03-22,1302.212626,3858.266263,1304.76,7,429351,116,0,0.00
582993263973926238,+o.name+,2026-03-23,872.674349,1977.919236,6665.75,20,281854,64,1,218.95
582993263973926238,+o.name+,2026-03-24,824.471532,1836.148613,4156.11,13,270797,67,0,0.00
582993263973926238,+o.name+,2026-03-25,879.936157,1955.527682,4723.46,15,313880,85,1,218.95
582993263973926238,+o.name+,2026-03-26,843.235492,0.000000,4589.95,13,270327,68,0,0.00
582993263973926238,+o.name+,2026-03-27,846.516292,1899.000000,7747.00,23,252698,74,0,0.00
582993263973926238,+o.name+,2026-03-28,466.816704,1703.000000,614.00,3,138239,28,0,0.00
582993263973926238,+o.name+,2026-03-29,437.054068,1361.000000,1910.00,6,121659,41,0,0.00
582993263973926238,+o.name+,2026-03-30,376.706166,936.000000,5214.00,14,150405,39,0,0.00
582993263973926238,+o.name+,2026-03-31,281.376752,0.000000,5038.00,20,112735,38,0,0.00
582993263973926238,+o.name+,2026-04-01,0.000000,0.000000,3414.00,11,216,0,0,0.00
582993263973926238,+o.name+,2026-04-02,0.000000,0.000000,2220.00,8,0,0,0,0.00
582993263973926238,+o.name+,2026-04-03,0.000000,0.000000,2309.00,5,0,0,0,0.00
582993263973926238,+o.name+,2026-04-04,0.000000,0.000000,60.00,1,0,0,0,0.00
582993263973926238,+o.name+,2026-04-05,0.000000,0.000000,0.00,0,0,0,0,0.00
582993263973926238,+o.name+,2026-04-06,0.000000,0.000000,1977.00,6,0,0,0,0.00
582993263973926238,+o.name+,2026-04-07,0.000000,0.000000,1697.00,6,0,0,0,0.00
582993263973926238,+o.name+,2026-04-08,0.000000,0.000000,2004.00,6,0,0,0,0.00
582993263973926238,+o.name+,2026-04-09,0.000000,0.000000,0.00,0,0,0,0,0.00
582993263973926238,+o.name+,2026-04-10,0.000000,0.000000,490.00,2,0,0,0,0.00
582993263973926238,+o.name+,2026-04-11,0.000000,0.000000,0.00,0,0,0,0,0.00
582993263973926238,+o.name+,2026-04-12,0.000000,0.000000,220.00,1,0,0,0,0.00
582993263973926238,+o.name+,2026-04-13,0.000000,0.000000,0.00,0,0,0,0,0.00
582993263973926238,+o.name+,2026-04-14,0.000000,0.000000,0.00,0,0,0,0,0.00
582993263973926238,+o.name+,2026-04-15,0.000000,0.000000,0.00,0,0,0,0,0.00
582993263973926238,+o.name+,2026-04-16,0.000000,0.000000,0.00,0,0,0,0,0.00
582993263973926238,+o.name+,2026-04-17,0.000000,0.000000,0.00,0,0,0,0,0.00
582911732508457170,+o.name+,2026-02-10,2916.374085,2916.374085,11158.27,54,792823,2289,8,1989.55
582911732508457170,+o.name+,2026-02-11,3222.735320,3222.735320,23267.96,84,596643,658,21,4708.95
582911732508457170,+o.name+,2026-02-12,3206.419843,3206.419843,24503.49,105,852209,785,36,10729.65
582911732508457170,+o.name+,2026-02-13,3197.627198,3197.627198,18389.66,63,967946,784,19,4405.05
582911732508457170,+o.name+,2026-02-14,3122.706962,3122.706962,17605.87,75,819399,553,28,6936.50
582911732508457170,+o.name+,2026-02-15,3203.425469,4895.630294,5461.55,23,930064,651,20,4758.95
582911732508457170,+o.name+,2026-02-16,3166.940566,5082.977092,5108.42,24,942152,512,15,3363.25
582911732508457170,+o.name+,2026-02-17,3152.835338,608.322775,7604.11,22,780065,487,16,4479.05
582911732508457170,+o.name+,2026-02-18,3165.452498,570.172066,6370.28,25,821175,499,16,3655.20
582911732508457170,+o.name+,2026-02-19,3137.169594,554.264202,6789.87,22,599248,406,15,5116.80
582911732508457170,+o.name+,2026-02-20,3153.052716,5208.972126,7849.16,30,1449593,663,22,5811.44
582911732508457170,+o.name+,2026-02-21,3156.660608,478.781837,4073.13,20,1633778,676,11,2679.40
582911732508457170,+o.name+,2026-02-22,3162.707814,4948.453615,6112.52,28,1463123,652,17,3719.15
582911732508457170,+o.name+,2026-02-23,3156.360714,468.708933,5992.90,27,1377278,571,16,3714.20
582911732508457170,+o.name+,2026-02-24,3154.158745,695.004669,4411.34,20,1203425,600,16,3719.20
582911732508457170,+o.name+,2026-02-25,3158.984132,756.577832,6940.60,32,1219511,579,22,5026.90
582911732508457170,+o.name+,2026-02-26,3159.791189,757.074192,6064.06,29,1130518,500,20,4826.95
582911732508457170,+o.name+,2026-02-27,3149.434602,4736.831603,5677.02,28,1168713,494,15,3399.25
582911732508457170,+o.name+,2026-02-28,3173.709715,0.000000,8113.80,32,1110374,527,18,4239.10
582911732508457170,+o.name+,2026-03-01,3134.994084,586.075648,4977.31,22,1792447,577,15,3679.20
582911732508457170,+o.name+,2026-03-02,3131.335874,4733.661320,7241.02,29,1624671,638,13,3319.30
582911732508457170,+o.name+,2026-03-03,3114.203585,559.372101,5480.57,23,1736256,603,10,2347.50
582911732508457170,+o.name+,2026-03-04,3143.798611,568.433304,5867.89,24,1734834,966,11,2349.45
582911732508457170,+o.name+,2026-03-05,3080.812527,5244.920827,5446.09,25,1537883,978,17,3947.10
582911732508457170,+o.name+,2026-03-06,3151.059619,5426.343945,7499.13,33,1484790,724,22,5165.90
582911732508457170,+o.name+,2026-03-07,3161.306963,5274.757901,6669.25,27,1782039,838,15,4627.00
582911732508457170,+o.name+,2026-03-08,3121.802390,5042.998702,6379.47,25,1772621,729,17,4657.00
582911732508457170,+o.name+,2026-03-09,3157.914867,558.672065,5661.06,25,1876121,621,14,3163.30
582911732508457170,+o.name+,2026-03-10,2921.847393,2869.503657,11436.76,46,668688,494,27,6515.55
582911732508457170,+o.name+,2026-03-11,3669.019857,2807.508845,17995.12,62,872159,863,40,9203.95
582911732508457170,+o.name+,2026-03-12,3900.160796,2802.166570,21667.58,85,884177,968,54,13243.20
582911732508457170,+o.name+,2026-03-13,3719.511648,2648.237600,21117.73,87,882548,769,56,13509.05
582911732508457170,+o.name+,2026-03-14,3572.251211,2091.988172,13229.18,57,860863,598,38,9158.00
582911732508457170,+o.name+,2026-03-15,3483.010356,2030.061124,16241.11,73,864119,713,50,12077.30
582911732508457170,+o.name+,2026-03-16,3418.671828,1981.896397,23451.20,97,890548,580,68,15976.50
582911732508457170,+o.name+,2026-03-17,4379.074333,4546.413187,19887.32,75,1235395,799,45,10375.70
582911732508457170,+o.name+,2026-03-18,4396.908357,1940.837827,18936.09,73,1280164,808,47,12163.30
582911732508457170,+o.name+,2026-03-19,4357.617295,1919.496408,20810.85,62,1656370,820,38,12237.25
582911732508457170,+o.name+,2026-03-20,4361.520157,0.000000,15009.30,63,1708579,883,43,10422.91
582911732508457170,+o.name+,2026-03-21,4350.816871,0.000000,7932.40,35,1678604,848,24,5706.80
582911732508457170,+o.name+,2026-03-22,4262.601559,1876.656700,7489.27,34,1775479,1654,18,4758.95
582911732508457170,+o.name+,2026-03-23,2015.462675,847.084180,9102.87,34,898344,492,24,7132.45
582911732508457170,+o.name+,2026-03-24,1957.848606,837.540476,17195.15,54,704160,603,32,8186.10
582911732508457170,+o.name+,2026-03-25,2066.298376,889.311295,10572.15,47,745898,795,37,8324.15
582911732508457170,+o.name+,2026-03-26,2051.740952,880.341714,10559.02,40,701954,836,28,7542.30
582911732508457170,+o.name+,2026-03-27,2053.188798,1888.000000,8415.00,37,695215,560,0,0.00
582911732508457170,+o.name+,2026-03-28,2039.392018,876.000000,8940.00,41,807526,584,0,0.00
582911732508457170,+o.name+,2026-03-29,1870.247255,858.000000,9459.00,41,757255,717,0,0.00
582911732508457170,+o.name+,2026-03-30,1103.698060,449.000000,11957.00,49,516672,373,0,0.00
582911732508457170,+o.name+,2026-03-31,1048.293400,427.000000,19431.00,61,480390,457,0,0.00
582911732508457170,+o.name+,2026-04-01,0.386923,0.000000,0.00,0,129,0,0,0.00
582911732508457170,+o.name+,2026-04-02,0.000000,0.000000,0.00,0,0,0,0,0.00
582911732508457170,+o.name+,2026-04-03,0.000000,0.000000,0.00,0,0,0,0,0.00
582911732508457170,+o.name+,2026-04-04,0.000000,0.000000,0.00,0,0,0,0,0.00
582911732508457170,+o.name+,2026-04-05,0.000000,0.000000,0.00,0,0,0,0,0.00
582911732508457170,+o.name+,2026-04-06,0.000000,0.000000,0.00,0,0,0,0,0.00
582911732508457170,+o.name+,2026-04-07,0.000000,0.000000,0.00,0,0,0,0,0.00
582911732508457170,+o.name+,2026-04-08,0.000000,0.000000,0.00,0,0,0,0,0.00
582911732508457170,+o.name+,2026-04-09,0.000000,0.000000,0.00,0,0,0,0,0.00
582911732508457170,+o.name+,2026-04-10,0.000000,0.000000,0.00,0,0,0,0,0.00
582911732508457170,+o.name+,2026-04-11,0.000000,0.000000,0.00,0,0,0,0,0.00
582911732508457170,+o.name+,2026-04-12,0.000000,0.000000,0.00,0,0,0,0,0.00
582911732508457170,+o.name+,2026-04-13,0.000000,0.000000,0.00,0,0,0,0,0.00
582911732508457170,+o.name+,2026-04-14,0.000000,0.000000,0.00,0,0,0,0,0.00
582911732508457170,+o.name+,2026-04-15,0.000000,0.000000,0.00,0,0,0,0,0.00
582911732508457170,+o.name+,2026-04-16,0.000000,0.000000,0.00,0,0,0,0,0.00
582911732508457170,+o.name+,2026-04-17,0.000000,0.000000,0.00,0,0,0,0,0.00
577512736499291190,+o.name+,2026-01-09,1360.550568,1360.550568,10761.28,32,224945,130,9,4231.55
577512736499291190,+o.name+,2026-01-10,1633.102545,1633.102545,5684.13,20,291668,170,9,4079.10
577512736499291190,+o.name+,2026-01-11,1613.518226,1613.518226,8875.11,32,295294,201,15,3615.20
577512736499291190,+o.name+,2026-01-12,1598.819784,1598.819784,19974.86,72,293857,130,21,6660.50
577512736499291190,+o.name+,2026-01-13,1591.723051,2557.468377,0.00,0,270584,100,0,0.00
577512736499291190,+o.name+,2026-01-14,1560.742844,1560.742844,8392.89,36,266897,139,8,1862.89
577512736499291190,+o.name+,2026-01-15,1632.614102,1632.614102,20205.59,57,294105,120,16,3885.15
577512736499291190,+o.name+,2026-01-16,1601.296639,1601.296639,9107.83,37,251256,67,6,1399.70
577512736499291190,+o.name+,2026-01-17,1538.482739,1538.482739,8603.87,29,233987,129,11,2539.40
577512736499291190,+o.name+,2026-01-18,1595.169413,1595.169413,3752.08,20,268996,115,8,1829.60
577512736499291190,+o.name+,2026-01-19,1604.158322,1604.158322,10129.82,42,294779,97,8,1968.55
577512736499291190,+o.name+,2026-01-20,1598.193654,1598.193654,13253.74,59,273004,75,10,2587.45
577512736499291190,+o.name+,2026-01-21,1448.539409,1448.539409,19505.77,83,274328,101,22,5772.75
577512736499291190,+o.name+,2026-01-22,1566.755032,1566.755032,15584.91,70,329490,97,14,3175.30
577512736499291190,+o.name+,2026-01-23,1562.045554,1562.045554,12468.95,49,335908,86,13,3139.30
577512736499291190,+o.name+,2026-01-24,1576.571951,1576.571951,4524.73,26,315915,99,9,1879.55
577512736499291190,+o.name+,2026-01-25,1564.417267,1564.417267,6288.65,28,265179,116,10,2534.58
577512736499291190,+o.name+,2026-01-26,1548.757714,1548.757714,13418.85,48,257827,79,11,2519.45
577512736499291190,+o.name+,2026-01-27,1558.797866,1558.797866,19926.50,69,306931,93,13,2780.48
577512736499291190,+o.name+,2026-01-28,1473.225367,1473.225367,7090.18,36,274649,78,5,1095.75
577512736499291190,+o.name+,2026-01-29,1469.148976,1469.148976,9452.32,41,268480,64,10,2464.19
577512736499291190,+o.name+,2026-01-30,1593.187381,1593.187381,10660.64,43,281684,62,6,1267.70
577512736499291190,+o.name+,2026-01-31,1530.112970,1530.112970,3653.44,16,314293,75,4,1351.70
577512736499291190,+o.name+,2026-02-01,1588.952754,1588.952754,3038.04,15,221172,58,6,1295.70
577512736499291190,+o.name+,2026-02-02,1459.388851,1459.388851,9055.04,34,314370,50,10,2442.19
577512736499291190,+o.name+,2026-02-03,1466.346130,1466.346130,9522.00,37,315450,79,7,1831.60
577512736499291190,+o.name+,2026-02-04,1480.494098,1480.494098,17074.24,50,215679,50,7,1535.65
577512736499291190,+o.name+,2026-02-05,1531.164465,1531.164465,12171.10,39,218637,50,4,959.80
577512736499291190,+o.name+,2026-02-06,1561.937065,1561.937065,7885.33,29,334093,65,5,1565.65
577512736499291190,+o.name+,2026-02-07,1548.690252,1548.690252,4811.04,15,329181,84,2,479.90
577512736499291190,+o.name+,2026-02-08,1556.538347,1556.538347,2248.24,11,310845,68,6,1375.70
577512736499291190,+o.name+,2026-02-09,1558.338566,1558.338566,11484.07,40,334246,76,5,1349.70
577512736499291190,+o.name+,2026-02-10,547.606529,547.606529,13377.85,33,86638,27,6,1509.65
577512736499291190,+o.name+,2026-02-11,560.802938,560.802938,6662.05,21,95063,17,3,1063.75
577512736499291190,+o.name+,2026-02-12,567.115061,567.115061,8644.23,24,93900,40,5,1403.70
577512736499291190,+o.name+,2026-02-13,566.825622,566.825622,5455.33,24,77062,20,5,1159.75
577512736499291190,+o.name+,2026-02-14,570.106858,570.106858,2715.32,12,132630,29,2,719.85
577512736499291190,+o.name+,2026-02-15,564.666348,564.666348,2212.78,14,153073,39,5,1107.75
577512736499291190,+o.name+,2026-02-16,565.831159,565.831159,6744.85,16,146703,34,0,0.00
577512736499291190,+o.name+,2026-02-17,568.872594,568.872594,7486.56,23,131917,26,5,1175.75
577512736499291190,+o.name+,2026-02-18,571.448843,571.448843,3551.92,23,113175,20,4,1125.75
577512736499291190,+o.name+,2026-02-19,567.871065,567.871065,5955.12,27,140597,26,1,239.95
577512736499291190,+o.name+,2026-02-20,570.294840,570.294840,5320.13,24,135823,23,8,2119.55
577512736499291190,+o.name+,2026-02-21,572.277478,572.277478,6019.67,14,159213,32,3,719.85
577512736499291190,+o.name+,2026-02-22,568.143822,568.143822,534.79,5,147718,20,1,239.95
577512736499291190,+o.name+,2026-02-23,569.754515,569.754515,4700.37,24,131187,18,4,869.80
577512736499291190,+o.name+,2026-02-24,571.264484,571.264484,9390.60,27,145384,32,0,0.00
577512736499291190,+o.name+,2026-02-25,573.841946,4773.315270,4208.19,14,156962,25,2,467.90
577512736499291190,+o.name+,2026-02-26,572.835489,572.835489,2610.19,12,163243,23,2,479.90
577512736499291190,+o.name+,2026-02-27,573.002527,573.002527,6134.59,16,177894,26,0,0.00
577512736499291190,+o.name+,2026-02-28,571.580814,571.580814,1413.21,4,171608,21,1,239.95
577512736499291190,+o.name+,2026-03-01,571.060206,571.060206,1055.52,5,184168,24,0,0.00
577512736499291190,+o.name+,2026-03-02,570.474534,4691.716307,2733.30,12,177401,29,1,189.95
577512736499291190,+o.name+,2026-03-03,568.557224,5088.048484,5150.49,4,173934,31,0,0.00
577512736499291190,+o.name+,2026-03-04,571.349153,571.349153,8986.53,10,164252,20,0,0.00
577512736499291190,+o.name+,2026-03-05,540.563612,540.563612,3111.17,8,135271,24,2,467.90
577512736499291190,+o.name+,2026-03-06,569.755770,569.755770,5910.83,10,145251,22,0,0.00
577512736499291190,+o.name+,2026-03-07,571.535567,571.535567,2054.90,10,146260,24,2,719.85
577512736499291190,+o.name+,2026-03-08,565.469499,565.469499,24.95,1,144674,25,0,0.00
577512736499291190,+o.name+,2026-03-09,564.393896,564.393896,10076.43,33,139149,19,8,1867.60
577512736499291190,+o.name+,2026-03-10,1190.720532,2867.896353,12434.44,37,577352,118,3,1199.75
577512736499291190,+o.name+,2026-03-11,503.102028,503.102028,6351.29,30,231121,38,6,1307.70
577512736499291190,+o.name+,2026-03-12,446.915576,446.915576,6943.09,21,253306,49,1,199.95
577512736499291190,+o.name+,2026-03-13,455.518934,455.518934,2795.27,14,319228,33,3,867.80
577512736499291190,+o.name+,2026-03-14,439.653145,439.653145,6150.05,7,347708,68,0,0.00
577512736499291190,+o.name+,2026-03-15,443.732484,443.732484,596.85,3,348672,47,2,425.90
577512736499291190,+o.name+,2026-03-16,441.857411,441.857411,10045.68,31,319103,29,7,1559.65
577512736499291190,+o.name+,2026-03-17,1402.280974,1402.280974,11384.02,36,721574,106,5,1199.70
577512736499291190,+o.name+,2026-03-18,1476.591435,1476.591435,5159.86,21,729670,125,0,0.00
577512736499291190,+o.name+,2026-03-19,1470.939001,1470.939001,7063.88,31,683461,131,0,0.00
577512736499291190,+o.name+,2026-03-20,1475.107729,1475.107729,11092.01,28,609705,128,3,1619.60
577512736499291190,+o.name+,2026-03-21,1471.404536,1471.404536,1135.65,7,652596,141,3,679.85
577512736499291190,+o.name+,2026-03-22,1481.249378,1481.249378,1309.55,7,629878,286,3,667.85
577512736499291190,+o.name+,2026-03-23,653.474019,653.474019,6250.39,25,324492,116,3,627.85
577512736499291190,+o.name+,2026-03-24,628.738029,628.738029,6387.45,13,404443,72,3,657.85
577512736499291190,+o.name+,2026-03-25,696.176285,696.176285,6055.61,26,436939,67,0,0.00
577512736499291190,+o.name+,2026-03-26,682.073542,682.073542,3677.75,13,482067,82,0,0.00
577512736499291190,+o.name+,2026-03-27,693.961791,694.000000,3697.00,17,407135,64,0,0.00
577512736499291190,+o.name+,2026-03-28,705.536781,1708.000000,841.00,6,497619,84,0,0.00
577512736499291190,+o.name+,2026-03-29,266.309833,266.000000,802.00,4,205381,29,0,0.00
577512736499291190,+o.name+,2026-03-30,283.474101,283.000000,3805.00,18,188648,25,0,0.00
577512736499291190,+o.name+,2026-03-31,273.308270,273.000000,4789.00,20,176925,20,0,0.00
577512736499291190,+o.name+,2026-04-01,0.351478,0.000000,780.00,1,285,0,0,0.00
577512736499291190,+o.name+,2026-04-02,0.000000,0.000000,0.00,0,0,0,0,0.00
577512736499291190,+o.name+,2026-04-03,0.000000,0.000000,0.00,0,0,0,0,0.00
577512736499291190,+o.name+,2026-04-04,0.000000,0.000000,0.00,0,0,0,0,0.00
577512736499291190,+o.name+,2026-04-05,0.000000,0.000000,0.00,0,0,0,0,0.00
577512736499291190,+o.name+,2026-04-06,0.000000,0.000000,0.00,0,0,0,0,0.00
577512736499291190,+o.name+,2026-04-07,0.000000,0.000000,0.00,0,0,0,0,0.00
577512736499291190,+o.name+,2026-04-08,0.000000,0.000000,0.00,0,0,0,0,0.00
577512736499291190,+o.name+,2026-04-09,0.000000,0.000000,0.00,0,0,0,0,0.00
577512736499291190,+o.name+,2026-04-10,0.000000,0.000000,0.00,0,0,0,0,0.00
577512736499291190,+o.name+,2026-04-11,0.000000,0.000000,0.00,0,0,0,0,0.00
577512736499291190,+o.name+,2026-04-12,0.000000,0.000000,0.00,0,0,0,0,0.00
577512736499291190,+o.name+,2026-04-13,0.000000,0.000000,0.00,0,0,0,0,0.00
577512736499291190,+o.name+,2026-04-14,0.000000,0.000000,0.00,0,0,0,0,0.00
577512736499291190,+o.name+,2026-04-15,0.000000,0.000000,0.00,0,0,0,0,0.00
577512736499291190,+o.name+,2026-04-16,0.000000,0.000000,0.00,0,0,0,0,0.00
577512736499291190,+o.name+,2026-04-17,0.000000,0.000000,0.00,0,0,0,0,0.00
586368505524283339,+o.name+,2026-01-01,428.971072,428.971072,142.45,1,47484,413,0,0.00
586368505524283339,+o.name+,2026-01-02,764.420471,764.420471,2344.81,6,76722,390,1,341.95
586368505524283339,+o.name+,2026-01-03,565.974308,565.974308,1293.08,5,53444,401,0,0.00
586368505524283339,+o.name+,2026-01-04,574.762710,574.762710,4110.13,13,54558,412,0,0.00
586368505524283339,+o.name+,2026-01-05,1223.884029,1223.884029,10595.65,25,106437,299,0,0.00
586368505524283339,+o.name+,2026-01-06,2076.366548,2076.366548,16092.58,42,135051,342,5,2389.70
586368505524283339,+o.name+,2026-01-07,2173.684284,2173.684284,10957.40,33,154459,791,2,1359.90
586368505524283339,+o.name+,2026-01-08,1599.491831,1599.491831,22427.60,34,111321,388,2,1021.90
586368505524283339,+o.name+,2026-01-09,2197.313801,2197.313801,5787.90,23,299411,231,1,341.95
586368505524283339,+o.name+,2026-01-10,1264.579785,1264.579785,2967.45,9,69307,267,0,0.00
586368505524283339,+o.name+,2026-01-11,1234.619498,1234.619498,357.85,3,69076,308,0,0.00
586368505524283339,+o.name+,2026-01-12,2240.539309,2240.539309,14076.64,38,141518,235,1,341.95
586368505524283339,+o.name+,2026-01-13,2297.939198,2297.939198,11073.40,34,134375,262,1,341.95
586368505524283339,+o.name+,2026-01-14,2156.951850,2156.951850,7845.76,22,160783,695,1,359.95
586368505524283339,+o.name+,2026-01-15,1830.559725,1830.559725,4524.90,20,136825,369,1,341.95
586368505524283339,+o.name+,2026-01-16,1537.954871,1537.954871,17100.50,24,115161,305,4,1904.50
586368505524283339,+o.name+,2026-01-17,690.381795,690.381795,579.30,3,61293,289,0,0.00
586368505524283339,+o.name+,2026-01-18,829.638226,829.638226,345.32,2,65063,285,0,0.00
586368505524283339,+o.name+,2026-01-19,1466.336154,1466.336154,9350.01,23,121716,322,0,0.00
586368505524283339,+o.name+,2026-01-20,1609.634553,1609.634553,12012.51,32,138209,274,3,2084.70
586368505524283339,+o.name+,2026-01-21,1870.640201,1870.640201,7807.77,36,169545,662,1,341.95
586368505524283339,+o.name+,2026-01-22,1707.739948,1707.739948,6462.85,20,144451,427,2,1043.85
586368505524283339,+o.name+,2026-01-23,1217.065933,1217.065933,5791.98,24,110934,219,1,296.85
586368505524283339,+o.name+,2026-01-24,297.671363,297.671363,225.94,2,30779,16,0,0.00
586368505524283339,+o.name+,2026-01-25,266.574645,266.574645,859.03,3,28900,7,0,0.00
586368505524283339,+o.name+,2026-01-26,1112.678316,1112.678316,11077.19,26,100407,11,0,0.00
586368505524283339,+o.name+,2026-01-27,1133.633269,1133.633269,12184.11,40,105981,21,1,860.65
586368505524283339,+o.name+,2026-01-28,1049.893549,1049.893549,6732.45,21,105965,12,2,683.90
586368505524283339,+o.name+,2026-01-29,977.922621,977.922621,9741.50,27,101126,12,2,676.90
586368505524283339,+o.name+,2026-01-30,927.774804,927.774804,13718.58,34,87079,8,1,1079.85
586368505524283339,+o.name+,2026-01-31,299.569672,299.569672,0.00,0,28980,11,0,0.00
586368505524283339,+o.name+,2026-02-01,295.104414,295.104414,642.05,3,29079,8,0,0.00
586368505524283339,+o.name+,2026-02-02,1302.097788,1302.097788,11841.91,31,125284,20,1,679.95
586368505524283339,+o.name+,2026-02-03,1068.269599,1068.269599,10363.93,28,110313,14,1,341.95
586368505524283339,+o.name+,2026-02-04,1074.928920,1074.928920,6717.83,24,107509,14,0,0.00
586368505524283339,+o.name+,2026-02-05,1075.796430,1075.796430,11350.71,30,105662,17,0,0.00
586368505524283339,+o.name+,2026-02-06,954.713779,954.713779,2830.72,13,91113,10,0,0.00
586368505524283339,+o.name+,2026-02-07,281.391110,281.391110,1328.89,7,29713,12,0,0.00
586368505524283339,+o.name+,2026-02-08,272.866045,272.866045,795.50,4,27954,19,0,0.00
586368505524283339,+o.name+,2026-02-09,1233.905037,1233.905037,19849.76,46,119488,13,0,0.00
586368505524283339,+o.name+,2026-02-10,1074.583515,1074.583515,21639.59,24,104566,21,1,341.95
586368505524283339,+o.name+,2026-02-11,1051.030140,1051.030140,4743.56,24,106246,8,0,0.00
586368505524283339,+o.name+,2026-02-12,1005.114977,1005.114977,2645.84,16,99640,8,0,0.00
586368505524283339,+o.name+,2026-02-13,859.352357,859.352357,10700.25,18,87372,30,0,0.00
586368505524283339,+o.name+,2026-02-14,270.865451,270.865451,377.90,2,28158,25,0,0.00
586368505524283339,+o.name+,2026-02-15,261.764478,3449.514288,655.40,2,26034,8,1,341.95
586368505524283339,+o.name+,2026-02-16,922.357895,226.689849,3895.22,14,90558,12,2,1021.90
586368505524283339,+o.name+,2026-02-17,949.416469,236.704344,8046.83,24,101990,11,2,683.90
586368505524283339,+o.name+,2026-02-18,939.389467,3514.714223,13825.70,40,99954,14,1,341.95
586368505524283339,+o.name+,2026-02-19,953.846581,238.808669,10463.49,26,105730,8,0,0.00
586368505524283339,+o.name+,2026-02-20,1015.935098,251.114690,7317.87,23,105109,10,0,0.00
586368505524283339,+o.name+,2026-02-21,318.477053,80.466350,1257.75,4,34137,12,1,679.95
586368505524283339,+o.name+,2026-02-22,313.254463,75.317476,265.30,2,33485,13,0,0.00
586368505524283339,+o.name+,2026-02-23,1323.812913,330.112284,6444.99,21,134915,23,1,341.95
586368505524283339,+o.name+,2026-02-24,1312.001101,331.815778,17008.37,24,139535,35,2,1383.85
586368505524283339,+o.name+,2026-02-25,1385.993269,343.694462,13953.67,34,150058,46,1,341.95
586368505524283339,+o.name+,2026-02-26,1421.103324,355.880246,8043.06,29,163043,49,1,341.95
586368505524283339,+o.name+,2026-02-27,1181.002150,3507.409520,5751.08,15,127207,51,0,0.00
586368505524283339,+o.name+,2026-02-28,362.170061,3307.081232,381.71,2,41668,39,0,0.00
586368505524283339,+o.name+,2026-03-01,357.681686,89.904272,512.85,2,41101,25,0,0.00
586368505524283339,+o.name+,2026-03-02,1326.068195,330.137310,12640.78,30,165665,15,1,341.95
586368505524283339,+o.name+,2026-03-03,1319.137110,331.828851,16955.89,33,149004,16,1,341.95
586368505524283339,+o.name+,2026-03-04,1400.269848,349.906932,16325.69,33,149726,8,2,2393.65
586368505524283339,+o.name+,2026-03-05,1189.510367,290.730510,6584.32,18,124295,11,1,683.90
586368505524283339,+o.name+,2026-03-06,1302.307612,3547.734056,15305.33,40,128257,13,0,0.00
586368505524283339,+o.name+,2026-03-07,426.289866,105.728475,1740.50,8,42815,14,0,0.00
586368505524283339,+o.name+,2026-03-08,440.530602,109.529196,273.69,2,43404,11,0,0.00
586368505524283339,+o.name+,2026-03-09,1785.661243,448.821536,12748.33,31,167092,29,4,1709.75
586368505524283339,+o.name+,2026-03-10,1237.898453,311.963898,22594.34,41,126450,15,3,1007.85
586368505524283339,+o.name+,2026-03-11,1171.429889,295.954832,8956.83,37,119841,14,0,0.00
586368505524283339,+o.name+,2026-03-12,687.113697,169.683900,10127.80,22,70891,9,0,0.00
586368505524283339,+o.name+,2026-03-13,388.474065,2206.178373,10982.62,25,58988,9,1,646.00
586368505524283339,+o.name+,2026-03-14,400.083926,98.241584,1949.95,2,44927,5,0,0.00
586368505524283339,+o.name+,2026-03-15,409.897331,100.237013,731.40,2,43859,24,1,341.95
586368505524283339,+o.name+,2026-03-16,439.156627,109.572072,17387.16,32,63459,19,3,1367.80
586368505524283339,+o.name+,2026-03-17,1184.432092,284.913669,17104.18,27,139243,17,2,1367.80
586368505524283339,+o.name+,2026-03-18,1396.104524,2488.995961,11785.48,31,137574,21,2,1025.85
586368505524283339,+o.name+,2026-03-19,1390.270938,336.634567,8966.55,21,135543,15,0,0.00
586368505524283339,+o.name+,2026-03-20,1310.856575,2463.339081,6266.29,23,117922,7,0,0.00
586368505524283339,+o.name+,2026-03-21,468.163559,118.583727,1139.80,2,42251,8,1,1025.85
586368505524283339,+o.name+,2026-03-22,455.041267,114.242227,578.60,2,42965,10,0,0.00
586368505524283339,+o.name+,2026-03-23,849.225791,1370.201842,13675.09,23,75777,7,0,0.00
586368505524283339,+o.name+,2026-03-24,478.678756,117.426288,8158.70,18,79821,8,2,1027.85
586368505524283339,+o.name+,2026-03-25,559.433302,137.853796,7476.48,18,84430,12,0,0.00
586368505524283339,+o.name+,2026-03-26,546.754599,928.137115,7062.61,21,83955,12,1,341.95
586368505524283339,+o.name+,2026-03-27,541.285127,132.000000,7370.00,19,81452,13,0,0.00
586368505524283339,+o.name+,2026-03-28,436.927945,108.000000,792.00,5,45081,9,0,0.00
586368505524283339,+o.name+,2026-03-29,324.519152,80.000000,579.00,3,38098,9,0,0.00
586368505524283339,+o.name+,2026-03-30,270.461835,68.000000,11836.00,28,52191,9,0,0.00
586368505524283339,+o.name+,2026-03-31,306.273107,77.000000,12662.00,29,55867,9,0,0.00
586368505524283339,+o.name+,2026-04-01,0.402149,1.000000,3740.00,8,73,2,0,0.00
586368505524283339,+o.name+,2026-04-02,0.000000,0.000000,0.00,0,0,0,0,0.00
586368505524283339,+o.name+,2026-04-03,0.000000,0.000000,0.00,0,0,0,0,0.00
586368505524283339,+o.name+,2026-04-04,0.000000,0.000000,0.00,0,0,0,0,0.00
586368505524283339,+o.name+,2026-04-05,0.000000,0.000000,0.00,0,0,0,0,0.00
586368505524283339,+o.name+,2026-04-06,0.000000,0.000000,0.00,0,0,0,0,0.00
586368505524283339,+o.name+,2026-04-07,0.000000,0.000000,0.00,0,0,0,0,0.00
586368505524283339,+o.name+,2026-04-08,0.000000,0.000000,0.00,0,0,0,0,0.00
586368505524283339,+o.name+,2026-04-09,0.000000,0.000000,0.00,0,0,0,0,0.00
586368505524283339,+o.name+,2026-04-10,0.000000,0.000000,0.00,0,0,0,0,0.00
586368505524283339,+o.name+,2026-04-11,0.000000,0.000000,0.00,0,0,0,0,0.00
586368505524283339,+o.name+,2026-04-12,0.000000,0.000000,0.00,0,0,0,0,0.00
586368505524283339,+o.name+,2026-04-13,0.000000,0.000000,0.00,0,0,0,0,0.00
586368505524283339,+o.name+,2026-04-14,0.000000,0.000000,0.00,0,0,0,0,0.00
586368505524283339,+o.name+,2026-04-15,0.000000,0.000000,0.00,0,0,0,0,0.00
586368505524283339,+o.name+,2026-04-16,0.000000,0.000000,0.00,0,0,0,0,0.00
586368505524283339,+o.name+,2026-04-17,0.000000,0.000000,0.00,0,0,0,0,0.00