order_id,order_name,date,flight_total_cost,campaign_total_cost,total_sales,total_purchases,impressions,clicks,new_to_brand_purchases,new_to_brand_product_sales
577121841661811234,CP_US_FY26_DSP_Conversion_ROAS_Consumer_Compact/Mini-Tower_Display_O&O,1/1/2026,2207.291549,2207.291549,9378.89,54,348715,401,46,8115.68
577121841661811234,CP_US_FY26_DSP_Conversion_ROAS_Consumer_Compact/Mini-Tower_Display_O&O,1/2/2026,2701.853736,2701.853736,21143.02,86,458568,362,60,15347.55
577121841661811234,CP_US_FY26_DSP_Conversion_ROAS_Consumer_Compact/Mini-Tower_Display_O&O,1/3/2026,2691.423659,2691.423659,20431.16,99,506544,423,81,17408.86
577121841661811234,CP_US_FY26_DSP_Conversion_ROAS_Consumer_Compact/Mini-Tower_Display_O&O,1/4/2026,2686.492126,2686.492126,27409.01,116,525639,398,94,17862.23
577121841661811234,CP_US_FY26_DSP_Conversion_ROAS_Consumer_Compact/Mini-Tower_Display_O&O,1/5/2026,3137.448311,3137.448311,42179.79,209,518878,357,143,29253.63
577121841661811234,CP_US_FY26_DSP_Conversion_ROAS_Consumer_Compact/Mini-Tower_Display_O&O,1/6/2026,3324.686212,3324.686212,44473.5,197,588388,365,133,28430.56
577121841661811234,CP_US_FY26_DSP_Conversion_ROAS_Consumer_Compact/Mini-Tower_Display_O&O,1/7/2026,3212.303875,3212.303875,46376.65,174,613712,329,109,24557.52
577121841661811234,CP_US_FY26_DSP_Conversion_ROAS_Consumer_Compact/Mini-Tower_Display_O&O,1/8/2026,3156.378023,3156.378023,59980.16,172,620617,405,91,20785.01
577121841661811234,CP_US_FY26_DSP_Conversion_ROAS_Consumer_Compact/Mini-Tower_Display_O&O,1/9/2026,3131.469274,3131.469274,56890.11,200,598859,370,110,26764.53
577121841661811234,CP_US_FY26_DSP_Conversion_ROAS_Consumer_Compact/Mini-Tower_Display_O&O,1/10/2026,3225.143359,3225.143359,21935.99,99,590730,396,59,12697.74
577121841661811234,CP_US_FY26_DSP_Conversion_ROAS_Consumer_Compact/Mini-Tower_Display_O&O,1/11/2026,3204.310608,3204.310608,23979.57,104,554639,371,65,16005.35
577121841661811234,CP_US_FY26_DSP_Conversion_ROAS_Consumer_Compact/Mini-Tower_Display_O&O,1/12/2026,3463.944595,3463.944595,42588.98,162,695266,315,80,18600.22
577121841661811234,CP_US_FY26_DSP_Conversion_ROAS_Consumer_Compact/Mini-Tower_Display_O&O,1/13/2026,3467.403271,3467.403271,42325.31,168,886732,541,91,20284.07
577121841661811234,CP_US_FY26_DSP_Conversion_ROAS_Consumer_Compact/Mini-Tower_Display_O&O,1/14/2026,3401.517692,3401.517692,36001.21,150,1427674,408,68,15716.43
577121841661811234,CP_US_FY26_DSP_Conversion_ROAS_Consumer_Compact/Mini-Tower_Display_O&O,1/15/2026,3265.594579,3265.594579,44287.02,157,1344087,291,84,27681.33
577121841661811234,CP_US_FY26_DSP_Conversion_ROAS_Consumer_Compact/Mini-Tower_Display_O&O,1/16/2026,4829.695126,4829.695126,29860.9,125,815018,301,61,11324.28
577121841661811234,CP_US_FY26_DSP_Conversion_ROAS_Consumer_Compact/Mini-Tower_Display_O&O,1/17/2026,4355.9015,4355.9015,12793.04,65,778259,301,36,6379.73
577121841661811234,CP_US_FY26_DSP_Conversion_ROAS_Consumer_Compact/Mini-Tower_Display_O&O,1/18/2026,3985.138152,3985.138152,17766.14,81,989123,429,46,8586.25
577121841661811234,CP_US_FY26_DSP_Conversion_ROAS_Consumer_Compact/Mini-Tower_Display_O&O,1/19/2026,3686.692414,3686.692414,29802.97,146,792732,283,65,12598.26
577121841661811234,CP_US_FY26_DSP_Conversion_ROAS_Consumer_Compact/Mini-Tower_Display_O&O,1/20/2026,3657.220639,3657.220639,43124.78,156,822331,242,90,23010.29
577121841661811234,CP_US_FY26_DSP_Conversion_ROAS_Consumer_Compact/Mini-Tower_Display_O&O,1/21/2026,3429.902184,3429.902184,43544.14,167,1113573,406,96,21847.25
577121841661811234,CP_US_FY26_DSP_Conversion_ROAS_Consumer_Compact/Mini-Tower_Display_O&O,1/22/2026,3373.407717,3373.407717,44394.02,185,1241793,515,97,21672.51
577121841661811234,CP_US_FY26_DSP_Conversion_ROAS_Consumer_Compact/Mini-Tower_Display_O&O,1/23/2026,3269.909108,3269.909108,35626.7,133,1185283,694,72,16022.31
577121841661811234,CP_US_FY26_DSP_Conversion_ROAS_Consumer_Compact/Mini-Tower_Display_O&O,1/24/2026,3291.970705,3291.970705,16707.25,75,1232216,475,45,8590.37
577121841661811234,CP_US_FY26_DSP_Conversion_ROAS_Consumer_Compact/Mini-Tower_Display_O&O,1/25/2026,3234.522802,3234.522802,13678.43,72,1210561,417,53,10243.27
577121841661811234,CP_US_FY26_DSP_Conversion_ROAS_Consumer_Compact/Mini-Tower_Display_O&O,1/26/2026,3256.279921,3256.279921,23747.3,87,1205742,333,61,12531.93
577121841661811234,CP_US_FY26_DSP_Conversion_ROAS_Consumer_Compact/Mini-Tower_Display_O&O,1/27/2026,3138.122146,3138.122146,23822.77,103,1131012,259,64,16152.68
577121841661811234,CP_US_FY26_DSP_Conversion_ROAS_Consumer_Compact/Mini-Tower_Display_O&O,1/28/2026,3190.358811,3190.358811,38738.69,120,1153657,269,65,13135.62
577121841661811234,CP_US_FY26_DSP_Conversion_ROAS_Consumer_Compact/Mini-Tower_Display_O&O,1/29/2026,3185.507388,3185.507388,26985.04,127,1046214,318,60,9958.95
577121841661811234,CP_US_FY26_DSP_Conversion_ROAS_Consumer_Compact/Mini-Tower_Display_O&O,1/30/2026,3242.792266,3242.792266,36151.62,122,982259,294,61,15480.72
577121841661811234,CP_US_FY26_DSP_Conversion_ROAS_Consumer_Compact/Mini-Tower_Display_O&O,1/31/2026,3213.435331,3213.435331,21548.18,70,976742,384,46,8896.29
577121841661811234,CP_US_FY26_DSP_Conversion_ROAS_Consumer_Compact/Mini-Tower_Display_O&O,2/1/2026,3241.334257,3241.334257,17182.13,75,745994,265,47,9435.48
577121841661811234,CP_US_FY26_DSP_Conversion_ROAS_Consumer_Compact/Mini-Tower_Display_O&O,2/2/2026,2910.320704,2910.320704,24483.1,95,1005152,195,47,9074.36
577121841661811234,CP_US_FY26_DSP_Conversion_ROAS_Consumer_Compact/Mini-Tower_Display_O&O,2/3/2026,3181.509353,3181.509353,33529.52,129,1038669,297,72,15737.32
577121841661811234,CP_US_FY26_DSP_Conversion_ROAS_Consumer_Compact/Mini-Tower_Display_O&O,2/4/2026,3139.154763,3139.154763,27286.67,116,987765,252,60,12140.96
577121841661811234,CP_US_FY26_DSP_Conversion_ROAS_Consumer_Compact/Mini-Tower_Display_O&O,2/5/2026,3258.667912,3258.667912,34476.27,119,910432,249,61,17079.62
577121841661811234,CP_US_FY26_DSP_Conversion_ROAS_Consumer_Compact/Mini-Tower_Display_O&O,2/6/2026,3325.198725,3325.198725,27682.97,115,1046100,270,62,13288.23
577121841661811234,CP_US_FY26_DSP_Conversion_ROAS_Consumer_Compact/Mini-Tower_Display_O&O,2/7/2026,3283.883377,3283.883377,11231.46,55,1052818,346,29,5870.94
577121841661811234,CP_US_FY26_DSP_Conversion_ROAS_Consumer_Compact/Mini-Tower_Display_O&O,2/8/2026,3246.013565,3246.013565,8962.47,41,1055358,353,20,4021
577121841661811234,CP_US_FY26_DSP_Conversion_ROAS_Consumer_Compact/Mini-Tower_Display_O&O,2/9/2026,3188.161855,3188.161855,30938.61,102,1044555,230,46,9773.68
577121841661811234,CP_US_FY26_DSP_Conversion_ROAS_Consumer_Compact/Mini-Tower_Display_O&O,2/10/2026,3284.896181,3284.896181,23878.62,86,497765,175,50,11201.99
577121841661811234,CP_US_FY26_DSP_Conversion_ROAS_Consumer_Compact/Mini-Tower_Display_O&O,2/11/2026,3246.759467,3246.759467,20791.95,92,493815,201,46,8976.18
577121841661811234,CP_US_FY26_DSP_Conversion_ROAS_Consumer_Compact/Mini-Tower_Display_O&O,2/12/2026,3305.358473,3305.358473,20015.06,77,757293,178,42,8409.76
577121841661811234,CP_US_FY26_DSP_Conversion_ROAS_Consumer_Compact/Mini-Tower_Display_O&O,2/13/2026,3289.156017,3289.156017,16184.03,66,1005379,285,34,7539.89
577121841661811234,CP_US_FY26_DSP_Conversion_ROAS_Consumer_Compact/Mini-Tower_Display_O&O,2/14/2026,3236.06448,3236.06448,10855.59,47,684041,264,31,5870.54
577121841661811234,CP_US_FY26_DSP_Conversion_ROAS_Consumer_Compact/Mini-Tower_Display_O&O,2/15/2026,3226.629344,3226.629344,5849.48,29,1073195,393,18,3305.13
577121841661811234,CP_US_FY26_DSP_Conversion_ROAS_Consumer_Compact/Mini-Tower_Display_O&O,2/16/2026,3224.615852,3224.615852,30414.54,78,1101091,443,40,10103.42
577121841661811234,CP_US_FY26_DSP_Conversion_ROAS_Consumer_Compact/Mini-Tower_Display_O&O,2/17/2026,3159.981707,3159.981707,29230.52,99,634037,246,53,13795.59
577121841661811234,CP_US_FY26_DSP_Conversion_ROAS_Consumer_Compact/Mini-Tower_Display_O&O,2/18/2026,3213.491893,3213.491893,26415.39,107,716101,201,51,10138.46
577121841661811234,CP_US_FY26_DSP_Conversion_ROAS_Consumer_Compact/Mini-Tower_Display_O&O,2/19/2026,3165.104762,3165.104762,22551.48,92,617394,174,45,9724.8
577121841661811234,CP_US_FY26_DSP_Conversion_ROAS_Consumer_Compact/Mini-Tower_Display_O&O,2/20/2026,3202.012787,3202.012787,19083.08,74,1588965,249,40,7878.62
577121841661811234,CP_US_FY26_DSP_Conversion_ROAS_Consumer_Compact/Mini-Tower_Display_O&O,2/21/2026,3179.907485,3179.907485,10076.69,38,1664079,240,24,4813.83
577121841661811234,CP_US_FY26_DSP_Conversion_ROAS_Consumer_Compact/Mini-Tower_Display_O&O,2/22/2026,3195.017622,3195.017622,9015.67,44,1516188,272,30,5792.52
577121841661811234,CP_US_FY26_DSP_Conversion_ROAS_Consumer_Compact/Mini-Tower_Display_O&O,2/23/2026,3189.954372,3189.954372,22581.97,90,1539818,198,50,8292.47
577121841661811234,CP_US_FY26_DSP_Conversion_ROAS_Consumer_Compact/Mini-Tower_Display_O&O,2/24/2026,3184.591012,3184.591012,18380.09,78,1600583,289,44,10999.04
577121841661811234,CP_US_FY26_DSP_Conversion_ROAS_Consumer_Compact/Mini-Tower_Display_O&O,2/25/2026,3194.638639,3194.638639,16787.12,70,1669513,214,41,8747.48
577121841661811234,CP_US_FY26_DSP_Conversion_ROAS_Consumer_Compact/Mini-Tower_Display_O&O,2/26/2026,3185.067495,3185.067495,26055.34,96,1627751,202,57,12882.81
577121841661811234,CP_US_FY26_DSP_Conversion_ROAS_Consumer_Compact/Mini-Tower_Display_O&O,2/27/2026,3179.938203,3179.938203,13192.13,49,1567879,265,28,6424.73
577121841661811234,CP_US_FY26_DSP_Conversion_ROAS_Consumer_Compact/Mini-Tower_Display_O&O,2/28/2026,3179.376901,3179.376901,11558.55,50,1814154,256,40,9736.61
577121841661811234,CP_US_FY26_DSP_Conversion_ROAS_Consumer_Compact/Mini-Tower_Display_O&O,3/1/2026,3193.957703,3193.957703,6525.88,29,2285470,300,19,4942.41
577121841661811234,CP_US_FY26_DSP_Conversion_ROAS_Consumer_Compact/Mini-Tower_Display_O&O,3/2/2026,3179.338,3179.338,19177.61,78,1784719,254,33,7270.83
577121841661811234,CP_US_FY26_DSP_Conversion_ROAS_Consumer_Compact/Mini-Tower_Display_O&O,3/3/2026,3890.145273,3890.145273,26739.17,78,2035725,305,24,7443.16
577121841661811234,CP_US_FY26_DSP_Conversion_ROAS_Consumer_Compact/Mini-Tower_Display_O&O,3/4/2026,5209.718921,5209.718921,15794.27,62,2596452,411,27,5443.6
577121841661811234,CP_US_FY26_DSP_Conversion_ROAS_Consumer_Compact/Mini-Tower_Display_O&O,3/5/2026,4843.330192,4843.330192,8909.14,40,1988445,337,23,3611.18
577121841661811234,CP_US_FY26_DSP_Conversion_ROAS_Consumer_Compact/Mini-Tower_Display_O&O,3/6/2026,4636.460784,4636.460784,21549.73,66,1723849,305,30,5595.23
577121841661811234,CP_US_FY26_DSP_Conversion_ROAS_Consumer_Compact/Mini-Tower_Display_O&O,3/7/2026,4212.649695,4212.649695,8677.22,42,2044732,480,30,5489.23
577121841661811234,CP_US_FY26_DSP_Conversion_ROAS_Consumer_Compact/Mini-Tower_Display_O&O,3/8/2026,3865.978678,3865.978678,8921.17,41,1939308,424,23,4646.51
577121841661811234,CP_US_FY26_DSP_Conversion_ROAS_Consumer_Compact/Mini-Tower_Display_O&O,3/9/2026,3665.786724,3665.786724,20264.82,86,1934171,320,40,6514.68
577121841661811234,CP_US_FY26_DSP_Conversion_ROAS_Consumer_Compact/Mini-Tower_Display_O&O,3/10/2026,969.2357759,969.2357759,15482.74,48,400117,101,20,5003.44
577121841661811234,CP_US_FY26_DSP_Conversion_ROAS_Consumer_Compact/Mini-Tower_Display_O&O,3/11/2026,967.1821724,967.1821724,10093.43,42,384651,77,26,5714.37
577121841661811234,CP_US_FY26_DSP_Conversion_ROAS_Consumer_Compact/Mini-Tower_Display_O&O,3/12/2026,929.1868252,929.1868252,25940.42,54,458171,67,23,5632.37
577121841661811234,CP_US_FY26_DSP_Conversion_ROAS_Consumer_Compact/Mini-Tower_Display_O&O,3/13/2026,789.7510454,789.7510454,10648.85,50,382901,70,28,5170.66
577121841661811234,CP_US_FY26_DSP_Conversion_ROAS_Consumer_Compact/Mini-Tower_Display_O&O,3/14/2026,653.6670304,653.6670304,4405.59,22,256678,65,16,2946.94
577121841661811234,CP_US_FY26_DSP_Conversion_ROAS_Consumer_Compact/Mini-Tower_Display_O&O,3/15/2026,626.0051283,626.0051283,5308.26,28,256819,58,15,2865.02
577121841661811234,CP_US_FY26_DSP_Conversion_ROAS_Consumer_Compact/Mini-Tower_Display_O&O,3/16/2026,610.1906431,610.1906431,10550.5,53,257497,49,28,6121.39
577121841661811234,CP_US_FY26_DSP_Conversion_ROAS_Consumer_Compact/Mini-Tower_Display_O&O,3/17/2026,1672.171109,1672.171109,9415.18,35,401804,78,16,3596.1
577121841661811234,CP_US_FY26_DSP_Conversion_ROAS_Consumer_Compact/Mini-Tower_Display_O&O,3/18/2026,1083.754538,1083.754538,9097.09,32,291727,56,12,2512.43
577121841661811234,CP_US_FY26_DSP_Conversion_ROAS_Consumer_Compact/Mini-Tower_Display_O&O,3/19/2026,677.2585852,677.2585852,7529.42,31,276127,53,13,2789.35
577121841661811234,CP_US_FY26_DSP_Conversion_ROAS_Consumer_Compact/Mini-Tower_Display_O&O,3/20/2026,689.3076867,689.3076867,3671.75,17,276694,52,5,703.43
577121841661811234,CP_US_FY26_DSP_Conversion_ROAS_Consumer_Compact/Mini-Tower_Display_O&O,3/21/2026,682.8764206,682.8764206,2800.77,16,286715,45,10,1977.07
577121841661811234,CP_US_FY26_DSP_Conversion_ROAS_Consumer_Compact/Mini-Tower_Display_O&O,3/22/2026,672.3491041,672.3491041,1884.02,8,289181,65,5,830.27
577121841661811234,CP_US_FY26_DSP_Conversion_ROAS_Consumer_Compact/Mini-Tower_Display_O&O,3/23/2026,409.1245552,409.1245552,7363.45,20,236576,42,11,2590.45
577121841661811234,CP_US_FY26_DSP_Conversion_ROAS_Consumer_Compact/Mini-Tower_Display_O&O,3/24/2026,267.0803667,267.0803667,1441.68,7,168834,23,3,599.85
577121841661811234,CP_US_FY26_DSP_Conversion_ROAS_Consumer_Compact/Mini-Tower_Display_O&O,3/25/2026,277.1803052,277.1803052,3871.95,18,152404,24,10,2169.5
577121841661811234,CP_US_FY26_DSP_Conversion_ROAS_Consumer_Compact/Mini-Tower_Display_O&O,3/26/2026,270.9980221,270.9980221,3215.24,14,163428,30,8,1571.69
577121841661811234,CP_US_FY26_DSP_Conversion_ROAS_Consumer_Compact/Mini-Tower_Display_O&O,3/27/2026,192.9832616,192.9832616,1899.54,9,125947,20,5,989.79
577121841661811234,CP_US_FY26_DSP_Conversion_ROAS_Consumer_Compact/Mini-Tower_Display_O&O,3/28/2026,199.1773096,199.1773096,2137.27,9,153024,30,8,2036.23
577121841661811234,CP_US_FY26_DSP_Conversion_ROAS_Consumer_Compact/Mini-Tower_Display_O&O,3/29/2026,154.5018552,154.5018552,1399.64,8,125955,18,7,1309.69
577121841661811234,CP_US_FY26_DSP_Conversion_ROAS_Consumer_Compact/Mini-Tower_Display_O&O,3/30/2026,115.2837632,115.2837632,819.8,4,129096,16,4,819.8
577121841661811234,CP_US_FY26_DSP_Conversion_ROAS_Consumer_Compact/Mini-Tower_Display_O&O,3/31/2026,0.67410798,0.67410798,631.4,4,495,0,2,315
577121841661811234,CP_US_FY26_DSP_Conversion_ROAS_Consumer_Compact/Mini-Tower_Display_O&O,4/1/2026,0,0,75,1,0,0,0,0
577121841661811234,CP_US_FY26_DSP_Conversion_ROAS_Consumer_Compact/Mini-Tower_Display_O&O,4/2/2026,0,0,479.75,2,0,0,0,0
577121841661811234,CP_US_FY26_DSP_Conversion_ROAS_Consumer_Compact/Mini-Tower_Display_O&O,4/3/2026,0,0,239.95,1,0,0,0,0
577121841661811234,CP_US_FY26_DSP_Conversion_ROAS_Consumer_Compact/Mini-Tower_Display_O&O,4/4/2026,0,0,117.94,2,0,0,1,99.99
577121841661811234,CP_US_FY26_DSP_Conversion_ROAS_Consumer_Compact/Mini-Tower_Display_O&O,4/5/2026,0,0,119.95,1,0,0,1,119.95
577121841661811234,CP_US_FY26_DSP_Conversion_ROAS_Consumer_Compact/Mini-Tower_Display_O&O,4/6/2026,0,0,0,0,0,0,0,0
577121841661811234,CP_US_FY26_DSP_Conversion_ROAS_Consumer_Compact/Mini-Tower_Display_O&O,4/7/2026,0,0,239.95,1,0,0,1,239.95
577121841661811234,CP_US_FY26_DSP_Conversion_ROAS_Consumer_Compact/Mini-Tower_Display_O&O,4/8/2026,0,0,0,0,0,0,0,0
577121841661811234,CP_US_FY26_DSP_Conversion_ROAS_Consumer_Compact/Mini-Tower_Display_O&O,4/9/2026,0,0,119.95,1,0,0,1,119.95
577121841661811234,CP_US_FY26_DSP_Conversion_ROAS_Consumer_Compact/Mini-Tower_Display_O&O,4/10/2026,0,0,0,0,0,0,0,0
577121841661811234,CP_US_FY26_DSP_Conversion_ROAS_Consumer_Compact/Mini-Tower_Display_O&O,4/11/2026,0,0,0,0,0,0,0,0
577121841661811234,CP_US_FY26_DSP_Conversion_ROAS_Consumer_Compact/Mini-Tower_Display_O&O,4/12/2026,0,0,179.95,1,0,0,0,0
577121841661811234,CP_US_FY26_DSP_Conversion_ROAS_Consumer_Compact/Mini-Tower_Display_O&O,4/13/2026,0,0,0,0,0,0,0,0
577121841661811234,CP_US_FY26_DSP_Conversion_ROAS_Consumer_Compact/Mini-Tower_Display_O&O,4/14/2026,0,0,0,0,0,0,0,0
577121841661811234,CP_US_FY26_DSP_Conversion_ROAS_Consumer_Compact/Mini-Tower_Display_O&O,4/15/2026,0,0,0,0,0,0,0,0
577121841661811234,CP_US_FY26_DSP_Conversion_ROAS_Consumer_Compact/Mini-Tower_Display_O&O,4/16/2026,0,0,0,0,0,0,0,0
577791050225926455,CP_US_FY26_DSP_Conversion_ROAS_Consumer_Rackmount_O&O,1/1/2026,555.9515961,555.9515961,1655.05,9,85957,131,6,1107.7
577791050225926455,CP_US_FY26_DSP_Conversion_ROAS_Consumer_Rackmount_O&O,1/2/2026,1351.792429,1351.792429,16726.55,63,171441,113,49,12296.85
577791050225926455,CP_US_FY26_DSP_Conversion_ROAS_Consumer_Rackmount_O&O,1/3/2026,1239.095026,1239.095026,12143.62,50,163195,158,32,6186.47
577791050225926455,CP_US_FY26_DSP_Conversion_ROAS_Consumer_Rackmount_O&O,1/4/2026,1278.683878,1278.683878,7912.21,32,169050,140,24,6062.71
577791050225926455,CP_US_FY26_DSP_Conversion_ROAS_Consumer_Rackmount_O&O,1/5/2026,2063.148319,2063.148319,26204.35,100,301462,189,65,13975.08
577791050225926455,CP_US_FY26_DSP_Conversion_ROAS_Consumer_Rackmount_O&O,1/6/2026,1977.00231,1977.00231,29248.62,110,257981,130,67,14732.59
577791050225926455,CP_US_FY26_DSP_Conversion_ROAS_Consumer_Rackmount_O&O,1/7/2026,1910.030234,1910.030234,25695.98,85,279930,176,56,17300.82
577791050225926455,CP_US_FY26_DSP_Conversion_ROAS_Consumer_Rackmount_O&O,1/8/2026,1741.721094,1741.721094,41331.69,118,257782,189,75,19309.41
577791050225926455,CP_US_FY26_DSP_Conversion_ROAS_Consumer_Rackmount_O&O,1/9/2026,1723.729445,1723.729445,24627.25,96,269213,169,53,11935.4
577791050225926455,CP_US_FY26_DSP_Conversion_ROAS_Consumer_Rackmount_O&O,1/10/2026,1705.112241,1705.112241,12090.71,64,312818,200,49,9663.23
577791050225926455,CP_US_FY26_DSP_Conversion_ROAS_Consumer_Rackmount_O&O,1/11/2026,1664.481823,1664.481823,9719.6,44,233354,202,33,5518.14
577791050225926455,CP_US_FY26_DSP_Conversion_ROAS_Consumer_Rackmount_O&O,1/12/2026,1598.520382,1598.520382,37891.99,97,279290,160,48,12356.08
577791050225926455,CP_US_FY26_DSP_Conversion_ROAS_Consumer_Rackmount_O&O,1/13/2026,1603.955337,1603.955337,25600.56,93,299942,161,58,14365.92
577791050225926455,CP_US_FY26_DSP_Conversion_ROAS_Consumer_Rackmount_O&O,1/14/2026,5667.348248,5667.348248,35813.67,118,583771,231,64,16876.04
577791050225926455,CP_US_FY26_DSP_Conversion_ROAS_Consumer_Rackmount_O&O,1/15/2026,7812.078728,7812.078728,30137.37,108,999180,182,54,11233.86
577791050225926455,CP_US_FY26_DSP_Conversion_ROAS_Consumer_Rackmount_O&O,1/16/2026,5933.304832,5933.304832,16326.47,75,666669,148,36,7503.3
577791050225926455,CP_US_FY26_DSP_Conversion_ROAS_Consumer_Rackmount_O&O,1/17/2026,5862.218346,5862.218346,7102.51,40,659788,234,21,3843.34
577791050225926455,CP_US_FY26_DSP_Conversion_ROAS_Consumer_Rackmount_O&O,1/18/2026,5336.566825,5336.566825,7195.65,33,985699,622,21,4340.64
577791050225926455,CP_US_FY26_DSP_Conversion_ROAS_Consumer_Rackmount_O&O,1/19/2026,4519.495763,4519.495763,21361.13,79,825282,548,37,6954.18
577791050225926455,CP_US_FY26_DSP_Conversion_ROAS_Consumer_Rackmount_O&O,1/20/2026,4334.398443,4334.398443,51593.87,163,870096,288,70,14962.99
577791050225926455,CP_US_FY26_DSP_Conversion_ROAS_Consumer_Rackmount_O&O,1/21/2026,3749.8318,3749.8318,33394.69,143,798283,224,90,16708.22
577791050225926455,CP_US_FY26_DSP_Conversion_ROAS_Consumer_Rackmount_O&O,1/22/2026,3697.528445,3697.528445,41861.08,145,968639,317,92,19058
577791050225926455,CP_US_FY26_DSP_Conversion_ROAS_Consumer_Rackmount_O&O,1/23/2026,3395.676156,3395.676156,32705.36,132,616344,312,79,14852.18
577791050225926455,CP_US_FY26_DSP_Conversion_ROAS_Consumer_Rackmount_O&O,1/24/2026,3625.803555,3625.803555,7050.48,33,470686,847,23,4404.97
577791050225926455,CP_US_FY26_DSP_Conversion_ROAS_Consumer_Rackmount_O&O,1/25/2026,3343.941814,3343.941814,10378.4,51,523094,543,38,7600.78
577791050225926455,CP_US_FY26_DSP_Conversion_ROAS_Consumer_Rackmount_O&O,1/26/2026,3347.198538,3347.198538,30713.65,109,516936,516,58,15208.83
577791050225926455,CP_US_FY26_DSP_Conversion_ROAS_Consumer_Rackmount_O&O,1/27/2026,3122.320319,3122.320319,35148.21,140,420800,325,60,12662.18
577791050225926455,CP_US_FY26_DSP_Conversion_ROAS_Consumer_Rackmount_O&O,1/28/2026,3238.874866,3238.874866,27079.03,97,447967,561,61,13769.35
577791050225926455,CP_US_FY26_DSP_Conversion_ROAS_Consumer_Rackmount_O&O,1/29/2026,3054.601201,3054.601201,24891.32,101,332583,599,47,8375.26
577791050225926455,CP_US_FY26_DSP_Conversion_ROAS_Consumer_Rackmount_O&O,1/30/2026,3175.651394,3175.651394,30278.66,100,314208,160,46,10009.28
577791050225926455,CP_US_FY26_DSP_Conversion_ROAS_Consumer_Rackmount_O&O,1/31/2026,3380.000792,3380.000792,9053.72,36,270066,95,22,4471.83
577791050225926455,CP_US_FY26_DSP_Conversion_ROAS_Consumer_Rackmount_O&O,2/1/2026,3448.550924,3448.550924,12609.05,51,286995,98,33,7568.37
577791050225926455,CP_US_FY26_DSP_Conversion_ROAS_Consumer_Rackmount_O&O,2/2/2026,3100.491552,3100.491552,41256.15,132,309476,104,64,15180.91
577791050225926455,CP_US_FY26_DSP_Conversion_ROAS_Consumer_Rackmount_O&O,2/3/2026,3006.138574,3006.138574,67335.67,154,355068,91,69,27586.52
577791050225926455,CP_US_FY26_DSP_Conversion_ROAS_Consumer_Rackmount_O&O,2/4/2026,3126.500237,3126.500237,25819.91,111,362073,96,65,13438.91
577791050225926455,CP_US_FY26_DSP_Conversion_ROAS_Consumer_Rackmount_O&O,2/5/2026,3216.288464,3216.288464,29732.26,109,373592,93,55,13223.77
577791050225926455,CP_US_FY26_DSP_Conversion_ROAS_Consumer_Rackmount_O&O,2/6/2026,3356.492801,3356.492801,32824.49,107,428200,121,52,12593.83
577791050225926455,CP_US_FY26_DSP_Conversion_ROAS_Consumer_Rackmount_O&O,2/7/2026,3143.097613,3143.097613,7472.63,26,309425,110,16,3510.04
577791050225926455,CP_US_FY26_DSP_Conversion_ROAS_Consumer_Rackmount_O&O,2/8/2026,3334.579122,3334.579122,16593.68,34,319908,102,15,3226.24
577791050225926455,CP_US_FY26_DSP_Conversion_ROAS_Consumer_Rackmount_O&O,2/9/2026,3135.530187,3135.530187,23310.06,91,387605,106,50,11842.7
577791050225926455,CP_US_FY26_DSP_Conversion_ROAS_Consumer_Rackmount_O&O,2/10/2026,3355.732145,3355.732145,24538.93,101,398935,443,48,8931.57
577791050225926455,CP_US_FY26_DSP_Conversion_ROAS_Consumer_Rackmount_O&O,2/11/2026,2744.5078,2744.5078,25091.24,87,324306,141,50,14124.79
577791050225926455,CP_US_FY26_DSP_Conversion_ROAS_Consumer_Rackmount_O&O,2/12/2026,3420.443145,3420.443145,23115.47,95,902902,162,42,8828.7
577791050225926455,CP_US_FY26_DSP_Conversion_ROAS_Consumer_Rackmount_O&O,2/13/2026,3300.647754,3300.647754,17882.69,54,1033336,176,30,10657.33
577791050225926455,CP_US_FY26_DSP_Conversion_ROAS_Consumer_Rackmount_O&O,2/14/2026,3156.977505,3156.977505,6200.35,28,558976,109,18,3281.9
577791050225926455,CP_US_FY26_DSP_Conversion_ROAS_Consumer_Rackmount_O&O,2/15/2026,3384.968842,3384.968842,5504.47,30,1248773,183,21,3664.14
577791050225926455,CP_US_FY26_DSP_Conversion_ROAS_Consumer_Rackmount_O&O,2/16/2026,3064.465359,3064.465359,27519.91,83,726001,127,45,10665.7
577791050225926455,CP_US_FY26_DSP_Conversion_ROAS_Consumer_Rackmount_O&O,2/17/2026,3134.798175,3134.798175,24067.55,85,580720,111,38,8693.98
577791050225926455,CP_US_FY26_DSP_Conversion_ROAS_Consumer_Rackmount_O&O,2/18/2026,3284.863965,3284.863965,20000.09,84,694616,119,48,9963.92
577791050225926455,CP_US_FY26_DSP_Conversion_ROAS_Consumer_Rackmount_O&O,2/19/2026,2947.742829,2947.742829,23559.75,76,517248,92,35,7398.89
577791050225926455,CP_US_FY26_DSP_Conversion_ROAS_Consumer_Rackmount_O&O,2/20/2026,3331.287888,3331.287888,19257.76,58,1649645,210,21,6353.9
577791050225926455,CP_US_FY26_DSP_Conversion_ROAS_Consumer_Rackmount_O&O,2/21/2026,3230.890371,3230.890371,4668.39,18,1933511,324,12,2676.89
577791050225926455,CP_US_FY26_DSP_Conversion_ROAS_Consumer_Rackmount_O&O,2/22/2026,3234.804142,3234.804142,8021.23,29,2086397,326,17,3752.93
577791050225926455,CP_US_FY26_DSP_Conversion_ROAS_Consumer_Rackmount_O&O,2/23/2026,3224.849846,3224.849846,19183.48,66,1765823,255,30,8487.3
577791050225926455,CP_US_FY26_DSP_Conversion_ROAS_Consumer_Rackmount_O&O,2/24/2026,3224.912045,3224.912045,12951.82,40,1995692,381,16,4398.8
577791050225926455,CP_US_FY26_DSP_Conversion_ROAS_Consumer_Rackmount_O&O,2/25/2026,3214.986216,3214.986216,21372.62,64,2297194,314,28,10141.06
577791050225926455,CP_US_FY26_DSP_Conversion_ROAS_Consumer_Rackmount_O&O,2/26/2026,3208.442817,3208.442817,24632.54,57,2190744,287,21,4747.57
577791050225926455,CP_US_FY26_DSP_Conversion_ROAS_Consumer_Rackmount_O&O,2/27/2026,3210.197364,3210.197364,17492.15,59,1840238,265,23,5975.78
577791050225926455,CP_US_FY26_DSP_Conversion_ROAS_Consumer_Rackmount_O&O,2/28/2026,3215.970222,3215.970222,5735.87,22,2106534,316,16,4153.75
577791050225926455,CP_US_FY26_DSP_Conversion_ROAS_Consumer_Rackmount_O&O,3/1/2026,3202.719262,3202.719262,7441.98,25,2343203,386,14,4149.75
577791050225926455,CP_US_FY26_DSP_Conversion_ROAS_Consumer_Rackmount_O&O,3/2/2026,3201.625547,3201.625547,18467.82,68,1793811,276,33,7646.06
577791050225926455,CP_US_FY26_DSP_Conversion_ROAS_Consumer_Rackmount_O&O,3/3/2026,3215.963563,3215.963563,26799.07,69,1703711,250,28,8592.08
577791050225926455,CP_US_FY26_DSP_Conversion_ROAS_Consumer_Rackmount_O&O,3/4/2026,3167.728098,3167.728098,22436.31,72,1315963,342,33,6979.09
577791050225926455,CP_US_FY26_DSP_Conversion_ROAS_Consumer_Rackmount_O&O,3/5/2026,3040.27703,3040.27703,12429.18,44,1328120,347,28,8055.89
577791050225926455,CP_US_FY26_DSP_Conversion_ROAS_Consumer_Rackmount_O&O,3/6/2026,3223.833162,3223.833162,27592.85,71,1098014,357,34,15731.3
577791050225926455,CP_US_FY26_DSP_Conversion_ROAS_Consumer_Rackmount_O&O,3/7/2026,3223.646742,3223.646742,8068.02,41,1573312,540,25,4231.13
577791050225926455,CP_US_FY26_DSP_Conversion_ROAS_Consumer_Rackmount_O&O,3/8/2026,3191.082125,3191.082125,8568.68,39,1546322,496,25,3751.34
577791050225926455,CP_US_FY26_DSP_Conversion_ROAS_Consumer_Rackmount_O&O,3/9/2026,3225.525711,3225.525711,25145.47,92,1463607,341,36,7990.65
577791050225926455,CP_US_FY26_DSP_Conversion_ROAS_Consumer_Rackmount_O&O,3/10/2026,1221.249742,1221.249742,10656.24,40,160554,89,14,3347.15
577791050225926455,CP_US_FY26_DSP_Conversion_ROAS_Consumer_Rackmount_O&O,3/11/2026,1361.646307,1361.646307,20109.01,79,145141,84,28,6192.83
577791050225926455,CP_US_FY26_DSP_Conversion_ROAS_Consumer_Rackmount_O&O,3/12/2026,2088.776335,2088.776335,19176.92,73,568116,187,33,7175.99
577791050225926455,CP_US_FY26_DSP_Conversion_ROAS_Consumer_Rackmount_O&O,3/13/2026,2107.422654,2107.422654,37105.32,97,766827,199,44,13845.44
577791050225926455,CP_US_FY26_DSP_Conversion_ROAS_Consumer_Rackmount_O&O,3/14/2026,1946.194347,1946.194347,8251.44,32,1040112,210,21,4041.78
577791050225926455,CP_US_FY26_DSP_Conversion_ROAS_Consumer_Rackmount_O&O,3/15/2026,2022.359226,2022.359226,10642.4,51,1149555,233,31,4750.13
577791050225926455,CP_US_FY26_DSP_Conversion_ROAS_Consumer_Rackmount_O&O,3/16/2026,2173.704683,2173.704683,36380.24,130,800477,213,64,17201.74
577791050225926455,CP_US_FY26_DSP_Conversion_ROAS_Consumer_Rackmount_O&O,3/17/2026,2140.502055,2140.502055,36040.1,101,778452,166,48,9070.86
577791050225926455,CP_US_FY26_DSP_Conversion_ROAS_Consumer_Rackmount_O&O,3/18/2026,2143.006137,2143.006137,29079.04,83,1294959,163,39,9506.5
577791050225926455,CP_US_FY26_DSP_Conversion_ROAS_Consumer_Rackmount_O&O,3/19/2026,2146.342502,2146.342502,22744.72,75,1122499,166,30,6974.47
577791050225926455,CP_US_FY26_DSP_Conversion_ROAS_Consumer_Rackmount_O&O,3/20/2026,2142.712228,2142.712228,18679.58,61,1245934,178,31,7956.7
577791050225926455,CP_US_FY26_DSP_Conversion_ROAS_Consumer_Rackmount_O&O,3/21/2026,1988.831506,1988.831506,8611.35,32,887118,159,14,3444.75
577791050225926455,CP_US_FY26_DSP_Conversion_ROAS_Consumer_Rackmount_O&O,3/22/2026,1974.178892,1974.178892,6617.64,25,1022353,235,14,3067.09
577791050225926455,CP_US_FY26_DSP_Conversion_ROAS_Consumer_Rackmount_O&O,3/23/2026,1163.103379,1163.103379,23290.23,72,479386,104,31,6474.69
577791050225926455,CP_US_FY26_DSP_Conversion_ROAS_Consumer_Rackmount_O&O,3/24/2026,929.0820675,929.0820675,20395.19,70,577847,67,31,7550.3
577791050225926455,CP_US_FY26_DSP_Conversion_ROAS_Consumer_Rackmount_O&O,3/25/2026,902.5198659,902.5198659,17438.54,58,308788,69,22,6735.58
577791050225926455,CP_US_FY26_DSP_Conversion_ROAS_Consumer_Rackmount_O&O,3/26/2026,790.1004857,790.1004857,24900.49,69,147047,61,35,10933.01
577791050225926455,CP_US_FY26_DSP_Conversion_ROAS_Consumer_Rackmount_O&O,3/27/2026,801.994298,801.994298,12846.08,49,141883,46,18,4300.1
577791050225926455,CP_US_FY26_DSP_Conversion_ROAS_Consumer_Rackmount_O&O,3/28/2026,766.1762847,766.1762847,7188.99,28,199443,66,14,2809.16
577791050225926455,CP_US_FY26_DSP_Conversion_ROAS_Consumer_Rackmount_O&O,3/29/2026,668.4936291,668.4936291,4364.92,21,215977,41,10,2719.5
577791050225926455,CP_US_FY26_DSP_Conversion_ROAS_Consumer_Rackmount_O&O,3/30/2026,596.1907302,596.1907302,21245.84,57,196897,39,23,6027.77
577791050225926455,CP_US_FY26_DSP_Conversion_ROAS_Consumer_Rackmount_O&O,3/31/2026,511.1955256,511.1955256,25365.01,73,198325,56,34,11401.82
577791050225926455,CP_US_FY26_DSP_Conversion_ROAS_Consumer_Rackmount_O&O,4/1/2026,0.77520252,0.77520252,9903.66,26,112,2,8,1828.93
577791050225926455,CP_US_FY26_DSP_Conversion_ROAS_Consumer_Rackmount_O&O,4/2/2026,0,0,3421.03,13,0,0,7,1589.69
577791050225926455,CP_US_FY26_DSP_Conversion_ROAS_Consumer_Rackmount_O&O,4/3/2026,0,0,3552.11,15,0,0,6,1553.2
577791050225926455,CP_US_FY26_DSP_Conversion_ROAS_Consumer_Rackmount_O&O,4/4/2026,0,0,1689.75,4,0,0,1,359.95
577791050225926455,CP_US_FY26_DSP_Conversion_ROAS_Consumer_Rackmount_O&O,4/5/2026,0,0,1488.93,3,0,0,1,179.98
577791050225926455,CP_US_FY26_DSP_Conversion_ROAS_Consumer_Rackmount_O&O,4/6/2026,0,0,4676.5,13,0,0,1,339.95
577791050225926455,CP_US_FY26_DSP_Conversion_ROAS_Consumer_Rackmount_O&O,4/7/2026,0,0,919.8,4,0,0,1,79.95
577791050225926455,CP_US_FY26_DSP_Conversion_ROAS_Consumer_Rackmount_O&O,4/8/2026,0,0,1342.85,3,0,0,0,0
577791050225926455,CP_US_FY26_DSP_Conversion_ROAS_Consumer_Rackmount_O&O,4/9/2026,0,0,1976.54,4,0,0,0,0
577791050225926455,CP_US_FY26_DSP_Conversion_ROAS_Consumer_Rackmount_O&O,4/10/2026,0,0,1626.65,3,0,0,0,0
577791050225926455,CP_US_FY26_DSP_Conversion_ROAS_Consumer_Rackmount_O&O,4/11/2026,0,0,109.6,1,0,0,0,0
577791050225926455,CP_US_FY26_DSP_Conversion_ROAS_Consumer_Rackmount_O&O,4/12/2026,0,0,165.9,2,0,0,2,165.9
577791050225926455,CP_US_FY26_DSP_Conversion_ROAS_Consumer_Rackmount_O&O,4/13/2026,0,0,341.95,1,0,0,1,341.95
577791050225926455,CP_US_FY26_DSP_Conversion_ROAS_Consumer_Rackmount_O&O,4/14/2026,0,0,341.95,1,0,0,0,0
577791050225926455,CP_US_FY26_DSP_Conversion_ROAS_Consumer_Rackmount_O&O,4/15/2026,0,0,0,0,0,0,0,0
577791050225926455,CP_US_FY26_DSP_Conversion_ROAS_Consumer_Rackmount_O&O,4/16/2026,0,0,0,0,0,0,0,0
582993263973926238,CP_US_FY26_DSP_Conversion_ROAS_Consumer_Compact/Mini-Tower_Display_Offsite,1/14/2026,1420.126353,1420.126353,4940.74,24,353066,239,9,2295.55
582993263973926238,CP_US_FY26_DSP_Conversion_ROAS_Consumer_Compact/Mini-Tower_Display_Offsite,1/15/2026,1720.884803,1720.884803,11970.88,45,342371,155,13,3109.4
582993263973926238,CP_US_FY26_DSP_Conversion_ROAS_Consumer_Compact/Mini-Tower_Display_Offsite,1/16/2026,1688.653565,1688.653565,10547.18,41,309233,124,16,4108.8
582993263973926238,CP_US_FY26_DSP_Conversion_ROAS_Consumer_Compact/Mini-Tower_Display_Offsite,1/17/2026,1666.777511,1666.777511,8197.19,39,311990,190,20,4334.46
582993263973926238,CP_US_FY26_DSP_Conversion_ROAS_Consumer_Compact/Mini-Tower_Display_Offsite,1/18/2026,1734.001255,1734.001255,8434.97,35,348603,189,18,3859.05
582993263973926238,CP_US_FY26_DSP_Conversion_ROAS_Consumer_Compact/Mini-Tower_Display_Offsite,1/19/2026,1724.176113,1724.176113,17086.3,62,364521,164,25,5714.41
582993263973926238,CP_US_FY26_DSP_Conversion_ROAS_Consumer_Compact/Mini-Tower_Display_Offsite,1/20/2026,1666.2172,1666.2172,26315.59,97,358492,179,33,7080.36
582993263973926238,CP_US_FY26_DSP_Conversion_ROAS_Consumer_Compact/Mini-Tower_Display_Offsite,1/21/2026,1607.048519,1607.048519,21674.93,88,419809,223,29,7449.27
582993263973926238,CP_US_FY26_DSP_Conversion_ROAS_Consumer_Compact/Mini-Tower_Display_Offsite,1/22/2026,1582.067269,1582.067269,25758.38,92,396176,187,39,8722.21
582993263973926238,CP_US_FY26_DSP_Conversion_ROAS_Consumer_Compact/Mini-Tower_Display_Offsite,1/23/2026,1641.41821,1641.41821,23878.08,99,413299,242,33,7659.13
582993263973926238,CP_US_FY26_DSP_Conversion_ROAS_Consumer_Compact/Mini-Tower_Display_Offsite,1/24/2026,1594.849587,1594.849587,12816.59,68,441246,275,35,6198.59
582993263973926238,CP_US_FY26_DSP_Conversion_ROAS_Consumer_Compact/Mini-Tower_Display_Offsite,1/25/2026,1660.635334,1660.635334,16110.85,77,456017,230,37,7751.17
582993263973926238,CP_US_FY26_DSP_Conversion_ROAS_Consumer_Compact/Mini-Tower_Display_Offsite,1/26/2026,1641.571653,1641.571653,35440.77,135,485719,204,42,11383
582993263973926238,CP_US_FY26_DSP_Conversion_ROAS_Consumer_Compact/Mini-Tower_Display_Offsite,1/27/2026,1686.133333,1686.133333,36891.72,121,479472,209,34,12224.5
582993263973926238,CP_US_FY26_DSP_Conversion_ROAS_Consumer_Compact/Mini-Tower_Display_Offsite,1/28/2026,1583.511734,1583.511734,29909.39,119,495171,166,31,7520
582993263973926238,CP_US_FY26_DSP_Conversion_ROAS_Consumer_Compact/Mini-Tower_Display_Offsite,1/29/2026,1584.323942,1584.323942,31770.28,114,501639,149,35,7678.92
582993263973926238,CP_US_FY26_DSP_Conversion_ROAS_Consumer_Compact/Mini-Tower_Display_Offsite,1/30/2026,1612.394786,1612.394786,22912.97,95,519702,194,32,6250.23
582993263973926238,CP_US_FY26_DSP_Conversion_ROAS_Consumer_Compact/Mini-Tower_Display_Offsite,1/31/2026,1685.145784,1685.145784,18146.89,82,525716,204,34,7091.2
582993263973926238,CP_US_FY26_DSP_Conversion_ROAS_Consumer_Compact/Mini-Tower_Display_Offsite,2/1/2026,1601.00771,1601.00771,17308.58,71,421209,116,41,9578.67
582993263973926238,CP_US_FY26_DSP_Conversion_ROAS_Consumer_Compact/Mini-Tower_Display_Offsite,2/2/2026,1480.610686,1480.610686,32419.52,132,702828,91,41,7147.2
582993263973926238,CP_US_FY26_DSP_Conversion_ROAS_Consumer_Compact/Mini-Tower_Display_Offsite,2/3/2026,1719.334299,1719.334299,26380.19,96,695023,202,27,6090.26
582993263973926238,CP_US_FY26_DSP_Conversion_ROAS_Consumer_Compact/Mini-Tower_Display_Offsite,2/4/2026,1701.783611,1701.783611,33167.04,106,620172,231,31,10032.05
582993263973926238,CP_US_FY26_DSP_Conversion_ROAS_Consumer_Compact/Mini-Tower_Display_Offsite,2/5/2026,1726.852645,1726.852645,43044.41,145,618481,170,53,14115.1
582993263973926238,CP_US_FY26_DSP_Conversion_ROAS_Consumer_Compact/Mini-Tower_Display_Offsite,2/6/2026,1712.006739,1712.006739,38107.29,128,665678,180,33,7562.81
582993263973926238,CP_US_FY26_DSP_Conversion_ROAS_Consumer_Compact/Mini-Tower_Display_Offsite,2/7/2026,1700.619975,1700.619975,20370.82,80,601721,212,33,6383.38
582993263973926238,CP_US_FY26_DSP_Conversion_ROAS_Consumer_Compact/Mini-Tower_Display_Offsite,2/8/2026,1698.35259,1698.35259,13820.97,60,580269,163,21,3853.81
582993263973926238,CP_US_FY26_DSP_Conversion_ROAS_Consumer_Compact/Mini-Tower_Display_Offsite,2/9/2026,1689.468011,1689.468011,25910.59,123,652355,161,40,7974.31
582993263973926238,CP_US_FY26_DSP_Conversion_ROAS_Consumer_Compact/Mini-Tower_Display_Offsite,2/10/2026,2854.040727,2854.040727,26705.21,103,705072,246,28,5448.57
582993263973926238,CP_US_FY26_DSP_Conversion_ROAS_Consumer_Compact/Mini-Tower_Display_Offsite,2/11/2026,2823.144152,2823.144152,26211.87,96,591506,223,28,7995.44
582993263973926238,CP_US_FY26_DSP_Conversion_ROAS_Consumer_Compact/Mini-Tower_Display_Offsite,2/12/2026,2712.309805,2712.309805,25176.29,96,647952,233,32,7092.43
582993263973926238,CP_US_FY26_DSP_Conversion_ROAS_Consumer_Compact/Mini-Tower_Display_Offsite,2/13/2026,2702.175479,2702.175479,21768.78,87,623513,198,24,5719.79
582993263973926238,CP_US_FY26_DSP_Conversion_ROAS_Consumer_Compact/Mini-Tower_Display_Offsite,2/14/2026,2626.253172,2626.253172,9274.18,44,577151,209,18,3624.1
582993263973926238,CP_US_FY26_DSP_Conversion_ROAS_Consumer_Compact/Mini-Tower_Display_Offsite,2/15/2026,2607.528461,2607.528461,15688.86,58,588424,216,24,3929.1
582993263973926238,CP_US_FY26_DSP_Conversion_ROAS_Consumer_Compact/Mini-Tower_Display_Offsite,2/16/2026,3424.231037,3424.231037,20164.03,93,836091,207,38,6087.44
582993263973926238,CP_US_FY26_DSP_Conversion_ROAS_Consumer_Compact/Mini-Tower_Display_Offsite,2/17/2026,4159.113575,4159.113575,29345.95,89,788687,206,32,6316.19
582993263973926238,CP_US_FY26_DSP_Conversion_ROAS_Consumer_Compact/Mini-Tower_Display_Offsite,2/18/2026,3915.198479,3915.198479,31280.85,102,668811,165,33,8829.27
582993263973926238,CP_US_FY26_DSP_Conversion_ROAS_Consumer_Compact/Mini-Tower_Display_Offsite,2/19/2026,3427.547577,3427.547577,22831.94,79,439479,100,32,7599.26
582993263973926238,CP_US_FY26_DSP_Conversion_ROAS_Consumer_Compact/Mini-Tower_Display_Offsite,2/20/2026,3623.946391,3623.946391,15942.46,66,883703,203,23,4654.44
582993263973926238,CP_US_FY26_DSP_Conversion_ROAS_Consumer_Compact/Mini-Tower_Display_Offsite,2/21/2026,3297.645414,3297.645414,11757.93,53,939620,255,23,5158.22
582993263973926238,CP_US_FY26_DSP_Conversion_ROAS_Consumer_Compact/Mini-Tower_Display_Offsite,2/22/2026,3097.421895,3097.421895,7225.26,38,910411,225,16,2129.53
582993263973926238,CP_US_FY26_DSP_Conversion_ROAS_Consumer_Compact/Mini-Tower_Display_Offsite,2/23/2026,2910.690502,2910.690502,28841.2,102,1051124,184,37,8540.15
582993263973926238,CP_US_FY26_DSP_Conversion_ROAS_Consumer_Compact/Mini-Tower_Display_Offsite,2/24/2026,2785.475694,2785.475694,21337.71,81,917127,187,28,5081.44
582993263973926238,CP_US_FY26_DSP_Conversion_ROAS_Consumer_Compact/Mini-Tower_Display_Offsite,2/25/2026,2700.964578,2700.964578,27481.14,86,859151,166,32,10037.8
582993263973926238,CP_US_FY26_DSP_Conversion_ROAS_Consumer_Compact/Mini-Tower_Display_Offsite,2/26/2026,2659.716391,2659.716391,18955.76,79,829671,173,31,5588.75
582993263973926238,CP_US_FY26_DSP_Conversion_ROAS_Consumer_Compact/Mini-Tower_Display_Offsite,2/27/2026,2623.174554,2623.174554,23607.81,85,812984,174,37,12346.68
582993263973926238,CP_US_FY26_DSP_Conversion_ROAS_Consumer_Compact/Mini-Tower_Display_Offsite,2/28/2026,2594.206442,2594.206442,8287.22,45,931161,245,18,3310.25
582993263973926238,CP_US_FY26_DSP_Conversion_ROAS_Consumer_Compact/Mini-Tower_Display_Offsite,3/1/2026,2568.733257,2568.733257,9785.51,51,976290,223,21,3468.62
582993263973926238,CP_US_FY26_DSP_Conversion_ROAS_Consumer_Compact/Mini-Tower_Display_Offsite,3/2/2026,2544.229219,2544.229219,24410.74,96,1000964,197,36,6870.5
582993263973926238,CP_US_FY26_DSP_Conversion_ROAS_Consumer_Compact/Mini-Tower_Display_Offsite,3/3/2026,2537.893555,2537.893555,25116.39,95,921194,173,38,9995.99
582993263973926238,CP_US_FY26_DSP_Conversion_ROAS_Consumer_Compact/Mini-Tower_Display_Offsite,3/4/2026,2530.546283,2530.546283,25995.48,98,1058143,220,48,13661.46
582993263973926238,CP_US_FY26_DSP_Conversion_ROAS_Consumer_Compact/Mini-Tower_Display_Offsite,3/5/2026,2438.849339,2438.849339,16680.61,78,877360,172,27,5932.85
582993263973926238,CP_US_FY26_DSP_Conversion_ROAS_Consumer_Compact/Mini-Tower_Display_Offsite,3/6/2026,2557.907728,2557.907728,28205.63,99,862032,246,41,10648.92
582993263973926238,CP_US_FY26_DSP_Conversion_ROAS_Consumer_Compact/Mini-Tower_Display_Offsite,3/7/2026,2552.98776,2552.98776,8717.74,49,877692,218,19,3611.93
582993263973926238,CP_US_FY26_DSP_Conversion_ROAS_Consumer_Compact/Mini-Tower_Display_Offsite,3/8/2026,2516.420054,2516.420054,7664.02,43,820749,190,20,3314.08
582993263973926238,CP_US_FY26_DSP_Conversion_ROAS_Consumer_Compact/Mini-Tower_Display_Offsite,3/9/2026,2536.121787,2536.121787,23531.19,96,996990,203,38,11788.41
582993263973926238,CP_US_FY26_DSP_Conversion_ROAS_Consumer_Compact/Mini-Tower_Display_Offsite,3/10/2026,655.5963103,655.5963103,36352.51,104,226023,43,32,6757.59
582993263973926238,CP_US_FY26_DSP_Conversion_ROAS_Consumer_Compact/Mini-Tower_Display_Offsite,3/11/2026,480.6749071,480.6749071,20889.89,89,157637,37,35,8718.46
582993263973926238,CP_US_FY26_DSP_Conversion_ROAS_Consumer_Compact/Mini-Tower_Display_Offsite,3/12/2026,334.5063878,334.5063878,25267.66,90,113484,26,36,8355.22
582993263973926238,CP_US_FY26_DSP_Conversion_ROAS_Consumer_Compact/Mini-Tower_Display_Offsite,3/13/2026,332.9938753,332.9938753,28445.64,88,112747,37,41,11260.41
582993263973926238,CP_US_FY26_DSP_Conversion_ROAS_Consumer_Compact/Mini-Tower_Display_Offsite,3/14/2026,320.0813948,320.0813948,8253.24,42,114572,26,20,4068.94
582993263973926238,CP_US_FY26_DSP_Conversion_ROAS_Consumer_Compact/Mini-Tower_Display_Offsite,3/15/2026,290.6214582,290.6214582,8232.27,38,103616,42,21,4258.72
582993263973926238,CP_US_FY26_DSP_Conversion_ROAS_Consumer_Compact/Mini-Tower_Display_Offsite,3/16/2026,292.0027787,292.0027787,19823.77,85,102347,23,31,6585.22
582993263973926238,CP_US_FY26_DSP_Conversion_ROAS_Consumer_Compact/Mini-Tower_Display_Offsite,3/17/2026,1641.320197,1641.320197,20485.08,90,608611,132,35,7166.89
582993263973926238,CP_US_FY26_DSP_Conversion_ROAS_Consumer_Compact/Mini-Tower_Display_Offsite,3/18/2026,1521.433426,1521.433426,20811.61,82,519361,137,34,8695.19
582993263973926238,CP_US_FY26_DSP_Conversion_ROAS_Consumer_Compact/Mini-Tower_Display_Offsite,3/19/2026,1456.334283,1456.334283,18753.06,84,477911,110,25,5474.38
582993263973926238,CP_US_FY26_DSP_Conversion_ROAS_Consumer_Compact/Mini-Tower_Display_Offsite,3/20/2026,1409.893382,1409.893382,17709.7,68,411036,114,29,4803.74
582993263973926238,CP_US_FY26_DSP_Conversion_ROAS_Consumer_Compact/Mini-Tower_Display_Offsite,3/21/2026,1355.09329,1355.09329,6781.67,30,379820,115,15,3137.82
582993263973926238,CP_US_FY26_DSP_Conversion_ROAS_Consumer_Compact/Mini-Tower_Display_Offsite,3/22/2026,1302.212626,1302.212626,7285.22,46,429351,116,21,3219.03
582993263973926238,CP_US_FY26_DSP_Conversion_ROAS_Consumer_Compact/Mini-Tower_Display_Offsite,3/23/2026,872.6743492,872.6743492,32037.4,91,281854,64,28,7016.14
582993263973926238,CP_US_FY26_DSP_Conversion_ROAS_Consumer_Compact/Mini-Tower_Display_Offsite,3/24/2026,824.4715316,824.4715316,15906.27,69,270797,67,22,4809.71
582993263973926238,CP_US_FY26_DSP_Conversion_ROAS_Consumer_Compact/Mini-Tower_Display_Offsite,3/25/2026,879.9361565,879.9361565,21368.44,63,313880,85,20,4865.73
582993263973926238,CP_US_FY26_DSP_Conversion_ROAS_Consumer_Compact/Mini-Tower_Display_Offsite,3/26/2026,843.2354925,843.2354925,23055.27,64,270327,68,23,9941.04
582993263973926238,CP_US_FY26_DSP_Conversion_ROAS_Consumer_Compact/Mini-Tower_Display_Offsite,3/27/2026,846.5162925,846.5162925,25043.95,69,252698,74,19,4430.26
582993263973926238,CP_US_FY26_DSP_Conversion_ROAS_Consumer_Compact/Mini-Tower_Display_Offsite,3/28/2026,466.816704,466.816704,5382.12,24,138239,28,9,1491.05
582993263973926238,CP_US_FY26_DSP_Conversion_ROAS_Consumer_Compact/Mini-Tower_Display_Offsite,3/29/2026,437.0540676,437.0540676,8825.89,28,121659,41,12,1445.39
582993263973926238,CP_US_FY26_DSP_Conversion_ROAS_Consumer_Compact/Mini-Tower_Display_Offsite,3/30/2026,376.7061658,376.7061658,19520.88,76,150405,39,31,8227.06
582993263973926238,CP_US_FY26_DSP_Conversion_ROAS_Consumer_Compact/Mini-Tower_Display_Offsite,3/31/2026,281.3767518,281.3767518,26623.01,84,112735,38,24,5767.4
582993263973926238,CP_US_FY26_DSP_Conversion_ROAS_Consumer_Compact/Mini-Tower_Display_Offsite,4/1/2026,0,0,14425.94,47,0,0,14,2519.73
582993263973926238,CP_US_FY26_DSP_Conversion_ROAS_Consumer_Compact/Mini-Tower_Display_Offsite,4/2/2026,0,0,13664.06,45,0,0,19,4564.76
582993263973926238,CP_US_FY26_DSP_Conversion_ROAS_Consumer_Compact/Mini-Tower_Display_Offsite,4/3/2026,0,0,6822.38,19,0,0,5,815.25
582993263973926238,CP_US_FY26_DSP_Conversion_ROAS_Consumer_Compact/Mini-Tower_Display_Offsite,4/4/2026,0,0,2089.79,10,0,0,5,1558.45
582993263973926238,CP_US_FY26_DSP_Conversion_ROAS_Consumer_Compact/Mini-Tower_Display_Offsite,4/5/2026,0,0,497.41,4,0,0,2,253.93
582993263973926238,CP_US_FY26_DSP_Conversion_ROAS_Consumer_Compact/Mini-Tower_Display_Offsite,4/6/2026,0,0,6506.72,20,0,0,8,1522.6
582993263973926238,CP_US_FY26_DSP_Conversion_ROAS_Consumer_Compact/Mini-Tower_Display_Offsite,4/7/2026,0,0,4019.22,16,0,0,3,759.8
582993263973926238,CP_US_FY26_DSP_Conversion_ROAS_Consumer_Compact/Mini-Tower_Display_Offsite,4/8/2026,0,0,4119.18,16,0,0,4,553.84
582993263973926238,CP_US_FY26_DSP_Conversion_ROAS_Consumer_Compact/Mini-Tower_Display_Offsite,4/9/2026,0,0,1351.07,7,0,0,4,809.8
582993263973926238,CP_US_FY26_DSP_Conversion_ROAS_Consumer_Compact/Mini-Tower_Display_Offsite,4/10/2026,0,0,2191.75,10,0,0,2,943.75
582993263973926238,CP_US_FY26_DSP_Conversion_ROAS_Consumer_Compact/Mini-Tower_Display_Offsite,4/11/2026,0,0,0,0,0,0,0,0
582993263973926238,CP_US_FY26_DSP_Conversion_ROAS_Consumer_Compact/Mini-Tower_Display_Offsite,4/12/2026,0,0,219.95,1,0,0,0,0
582993263973926238,CP_US_FY26_DSP_Conversion_ROAS_Consumer_Compact/Mini-Tower_Display_Offsite,4/13/2026,0,0,124.73,2,0,0,2,124.73
582993263973926238,CP_US_FY26_DSP_Conversion_ROAS_Consumer_Compact/Mini-Tower_Display_Offsite,4/14/2026,0,0,0,0,0,0,0,0
582993263973926238,CP_US_FY26_DSP_Conversion_ROAS_Consumer_Compact/Mini-Tower_Display_Offsite,4/15/2026,0,0,0,0,0,0,0,0
582993263973926238,CP_US_FY26_DSP_Conversion_ROAS_Consumer_Compact/Mini-Tower_Display_Offsite,4/16/2026,0,0,0,0,0,0,0,0
582911732508457170,CP_US_FY26_DSP_Conversion_ROAS_Consumer_Compact/Mini-Tower_AllDevice_O&O+Offsite,2/10/2026,2916.374085,2916.374085,11158.27,54,792823,2289,23,4731.54
582911732508457170,CP_US_FY26_DSP_Conversion_ROAS_Consumer_Compact/Mini-Tower_AllDevice_O&O+Offsite,2/11/2026,3222.73532,3222.73532,23267.96,84,596643,658,40,7707.48
582911732508457170,CP_US_FY26_DSP_Conversion_ROAS_Consumer_Compact/Mini-Tower_AllDevice_O&O+Offsite,2/12/2026,3206.419843,3206.419843,24503.49,105,852209,785,51,13032.58
582911732508457170,CP_US_FY26_DSP_Conversion_ROAS_Consumer_Compact/Mini-Tower_AllDevice_O&O+Offsite,2/13/2026,3197.627198,3197.627198,18389.66,63,967946,784,34,8624.85
582911732508457170,CP_US_FY26_DSP_Conversion_ROAS_Consumer_Compact/Mini-Tower_AllDevice_O&O+Offsite,2/14/2026,3122.706962,3122.706962,17605.87,75,819399,553,52,12816.96
582911732508457170,CP_US_FY26_DSP_Conversion_ROAS_Consumer_Compact/Mini-Tower_AllDevice_O&O+Offsite,2/15/2026,3203.425469,3203.425469,21526.11,91,930064,651,62,13602
582911732508457170,CP_US_FY26_DSP_Conversion_ROAS_Consumer_Compact/Mini-Tower_AllDevice_O&O+Offsite,2/16/2026,3166.940566,3166.940566,33744.8,128,942152,512,75,19807.49
582911732508457170,CP_US_FY26_DSP_Conversion_ROAS_Consumer_Compact/Mini-Tower_AllDevice_O&O+Offsite,2/17/2026,3152.835338,3152.835338,33121.42,137,780065,487,73,16508.14
582911732508457170,CP_US_FY26_DSP_Conversion_ROAS_Consumer_Compact/Mini-Tower_AllDevice_O&O+Offsite,2/18/2026,3165.452498,3165.452498,41003.3,144,821175,499,80,18128.62
582911732508457170,CP_US_FY26_DSP_Conversion_ROAS_Consumer_Compact/Mini-Tower_AllDevice_O&O+Offsite,2/19/2026,3137.169594,3137.169594,37610.71,129,599248,406,72,19911.29
582911732508457170,CP_US_FY26_DSP_Conversion_ROAS_Consumer_Compact/Mini-Tower_AllDevice_O&O+Offsite,2/20/2026,3153.052716,3153.052716,34865.16,140,1449593,663,87,20680.93
582911732508457170,CP_US_FY26_DSP_Conversion_ROAS_Consumer_Compact/Mini-Tower_AllDevice_O&O+Offsite,2/21/2026,3156.660608,3156.660608,15769.8,82,1633778,676,49,8606.35
582911732508457170,CP_US_FY26_DSP_Conversion_ROAS_Consumer_Compact/Mini-Tower_AllDevice_O&O+Offsite,2/22/2026,3162.707814,3162.707814,19986.31,102,1463123,652,64,11281.63
582911732508457170,CP_US_FY26_DSP_Conversion_ROAS_Consumer_Compact/Mini-Tower_AllDevice_O&O+Offsite,2/23/2026,3156.360714,3156.360714,35131.72,153,1377278,571,80,20251.59
582911732508457170,CP_US_FY26_DSP_Conversion_ROAS_Consumer_Compact/Mini-Tower_AllDevice_O&O+Offsite,2/24/2026,3154.158745,3154.158745,35279.12,143,1203425,600,75,18309.14
582911732508457170,CP_US_FY26_DSP_Conversion_ROAS_Consumer_Compact/Mini-Tower_AllDevice_O&O+Offsite,2/25/2026,3158.984132,3158.984132,30209.7,141,1219511,579,67,13903.03
582911732508457170,CP_US_FY26_DSP_Conversion_ROAS_Consumer_Compact/Mini-Tower_AllDevice_O&O+Offsite,2/26/2026,3159.791189,3159.791189,35405.99,141,1130518,500,72,18425.5
582911732508457170,CP_US_FY26_DSP_Conversion_ROAS_Consumer_Compact/Mini-Tower_AllDevice_O&O+Offsite,2/27/2026,3149.434602,3149.434602,34797.2,126,1168713,494,60,12082.96
582911732508457170,CP_US_FY26_DSP_Conversion_ROAS_Consumer_Compact/Mini-Tower_AllDevice_O&O+Offsite,2/28/2026,3173.709715,3173.709715,22203.58,101,1110374,527,67,13404.99
582911732508457170,CP_US_FY26_DSP_Conversion_ROAS_Consumer_Compact/Mini-Tower_AllDevice_O&O+Offsite,3/1/2026,3134.994084,3134.994084,18506.81,94,1792447,577,51,9472.1
582911732508457170,CP_US_FY26_DSP_Conversion_ROAS_Consumer_Compact/Mini-Tower_AllDevice_O&O+Offsite,3/2/2026,3131.335874,3131.335874,28689.54,119,1624671,638,53,11046.13
582911732508457170,CP_US_FY26_DSP_Conversion_ROAS_Consumer_Compact/Mini-Tower_AllDevice_O&O+Offsite,3/3/2026,3114.203585,3114.203585,42178.77,135,1736256,603,59,13667.89
582911732508457170,CP_US_FY26_DSP_Conversion_ROAS_Consumer_Compact/Mini-Tower_AllDevice_O&O+Offsite,3/4/2026,3143.798611,3143.798611,28481.51,118,1734834,966,54,11798.29
582911732508457170,CP_US_FY26_DSP_Conversion_ROAS_Consumer_Compact/Mini-Tower_AllDevice_O&O+Offsite,3/5/2026,3080.812527,3080.812527,22927.26,109,1537883,978,56,11275.4
582911732508457170,CP_US_FY26_DSP_Conversion_ROAS_Consumer_Compact/Mini-Tower_AllDevice_O&O+Offsite,3/6/2026,3151.059619,3151.059619,32246.44,126,1484790,724,61,16147.61
582911732508457170,CP_US_FY26_DSP_Conversion_ROAS_Consumer_Compact/Mini-Tower_AllDevice_O&O+Offsite,3/7/2026,3161.306963,3161.306963,21987.32,99,1782039,838,61,13094.91
582911732508457170,CP_US_FY26_DSP_Conversion_ROAS_Consumer_Compact/Mini-Tower_AllDevice_O&O+Offsite,3/8/2026,3121.80239,3121.80239,21234.22,90,1772621,729,57,11461.45
582911732508457170,CP_US_FY26_DSP_Conversion_ROAS_Consumer_Compact/Mini-Tower_AllDevice_O&O+Offsite,3/9/2026,3157.914867,3157.914867,24641.05,110,1876121,621,57,12052.26
582911732508457170,CP_US_FY26_DSP_Conversion_ROAS_Consumer_Compact/Mini-Tower_AllDevice_O&O+Offsite,3/10/2026,2921.847393,2921.847393,28130.47,124,668688,494,51,10584.97
582911732508457170,CP_US_FY26_DSP_Conversion_ROAS_Consumer_Compact/Mini-Tower_AllDevice_O&O+Offsite,3/11/2026,3669.019857,3669.019857,32321.47,123,872159,863,64,13911.04
582911732508457170,CP_US_FY26_DSP_Conversion_ROAS_Consumer_Compact/Mini-Tower_AllDevice_O&O+Offsite,3/12/2026,3900.160796,3900.160796,47139.65,163,884177,968,88,25101.34
582911732508457170,CP_US_FY26_DSP_Conversion_ROAS_Consumer_Compact/Mini-Tower_AllDevice_O&O+Offsite,3/13/2026,3719.511648,3719.511648,43800.45,170,882548,769,92,22168.98
582911732508457170,CP_US_FY26_DSP_Conversion_ROAS_Consumer_Compact/Mini-Tower_AllDevice_O&O+Offsite,3/14/2026,3572.251211,3572.251211,23396.73,98,860863,598,54,12326.23
582911732508457170,CP_US_FY26_DSP_Conversion_ROAS_Consumer_Compact/Mini-Tower_AllDevice_O&O+Offsite,3/15/2026,3483.010356,3483.010356,24105.8,112,864119,713,75,15383.23
582911732508457170,CP_US_FY26_DSP_Conversion_ROAS_Consumer_Compact/Mini-Tower_AllDevice_O&O+Offsite,3/16/2026,3418.671828,3418.671828,52527.99,195,890548,580,89,21260.14
582911732508457170,CP_US_FY26_DSP_Conversion_ROAS_Consumer_Compact/Mini-Tower_AllDevice_O&O+Offsite,3/17/2026,4379.074333,4379.074333,53874.17,185,1235395,799,94,22243.91
582911732508457170,CP_US_FY26_DSP_Conversion_ROAS_Consumer_Compact/Mini-Tower_AllDevice_O&O+Offsite,3/18/2026,4396.908357,4396.908357,42819,154,1280164,808,76,17212.72
582911732508457170,CP_US_FY26_DSP_Conversion_ROAS_Consumer_Compact/Mini-Tower_AllDevice_O&O+Offsite,3/19/2026,4357.617295,4357.617295,38548.51,143,1656370,820,91,22616.48
582911732508457170,CP_US_FY26_DSP_Conversion_ROAS_Consumer_Compact/Mini-Tower_AllDevice_O&O+Offsite,3/20/2026,4361.520157,4361.520157,39837.78,163,1708579,883,101,21935.18
582911732508457170,CP_US_FY26_DSP_Conversion_ROAS_Consumer_Compact/Mini-Tower_AllDevice_O&O+Offsite,3/21/2026,4350.816871,4350.816871,24565.35,97,1678604,848,56,13609.18
582911732508457170,CP_US_FY26_DSP_Conversion_ROAS_Consumer_Compact/Mini-Tower_AllDevice_O&O+Offsite,3/22/2026,4262.601559,4262.601559,18154.05,84,1775479,1654,51,10577.9
582911732508457170,CP_US_FY26_DSP_Conversion_ROAS_Consumer_Compact/Mini-Tower_AllDevice_O&O+Offsite,3/23/2026,2015.462675,2015.462675,25687.53,93,898344,492,46,13836.02
582911732508457170,CP_US_FY26_DSP_Conversion_ROAS_Consumer_Compact/Mini-Tower_AllDevice_O&O+Offsite,3/24/2026,1957.848606,1957.848606,42266.89,147,704160,603,76,18691.85
582911732508457170,CP_US_FY26_DSP_Conversion_ROAS_Consumer_Compact/Mini-Tower_AllDevice_O&O+Offsite,3/25/2026,2066.298376,2066.298376,28723,117,745898,795,67,15035.05
582911732508457170,CP_US_FY26_DSP_Conversion_ROAS_Consumer_Compact/Mini-Tower_AllDevice_O&O+Offsite,3/26/2026,2051.740952,2051.740952,27177.6,114,701954,836,59,13293.64
582911732508457170,CP_US_FY26_DSP_Conversion_ROAS_Consumer_Compact/Mini-Tower_AllDevice_O&O+Offsite,3/27/2026,2053.188798,2053.188798,22857.39,97,695215,560,51,12292.94
582911732508457170,CP_US_FY26_DSP_Conversion_ROAS_Consumer_Compact/Mini-Tower_AllDevice_O&O+Offsite,3/28/2026,2039.392018,2039.392018,16770.01,81,807526,584,50,10628.71
582911732508457170,CP_US_FY26_DSP_Conversion_ROAS_Consumer_Compact/Mini-Tower_AllDevice_O&O+Offsite,3/29/2026,1870.247255,1870.247255,20302.17,91,757255,717,54,11123.37
582911732508457170,CP_US_FY26_DSP_Conversion_ROAS_Consumer_Compact/Mini-Tower_AllDevice_O&O+Offsite,3/30/2026,1103.69806,1103.69806,33855.02,125,516672,373,67,15058.52
582911732508457170,CP_US_FY26_DSP_Conversion_ROAS_Consumer_Compact/Mini-Tower_AllDevice_O&O+Offsite,3/31/2026,1048.2934,1048.2934,34609.45,124,480390,457,81,21508.33
582911732508457170,CP_US_FY26_DSP_Conversion_ROAS_Consumer_Compact/Mini-Tower_AllDevice_O&O+Offsite,4/1/2026,0.38692282,0.38692282,11436.39,40,129,0,15,3542.34
582911732508457170,CP_US_FY26_DSP_Conversion_ROAS_Consumer_Compact/Mini-Tower_AllDevice_O&O+Offsite,4/2/2026,0,0,3220.38,15,0,0,9,1173.77
582911732508457170,CP_US_FY26_DSP_Conversion_ROAS_Consumer_Compact/Mini-Tower_AllDevice_O&O+Offsite,4/3/2026,0,0,2396.01,11,0,0,10,2266.53
582911732508457170,CP_US_FY26_DSP_Conversion_ROAS_Consumer_Compact/Mini-Tower_AllDevice_O&O+Offsite,4/4/2026,0,0,1049.8,4,0,0,3,719.85
582911732508457170,CP_US_FY26_DSP_Conversion_ROAS_Consumer_Compact/Mini-Tower_AllDevice_O&O+Offsite,4/5/2026,0,0,1174.42,5,0,0,1,79.95
582911732508457170,CP_US_FY26_DSP_Conversion_ROAS_Consumer_Compact/Mini-Tower_AllDevice_O&O+Offsite,4/6/2026,0,0,1741.37,9,0,0,4,579.84
582911732508457170,CP_US_FY26_DSP_Conversion_ROAS_Consumer_Compact/Mini-Tower_AllDevice_O&O+Offsite,4/7/2026,0,0,1369.65,7,0,0,4,919.8
582911732508457170,CP_US_FY26_DSP_Conversion_ROAS_Consumer_Compact/Mini-Tower_AllDevice_O&O+Offsite,4/8/2026,0,0,1805.85,7,0,0,1,239.95
582911732508457170,CP_US_FY26_DSP_Conversion_ROAS_Consumer_Compact/Mini-Tower_AllDevice_O&O+Offsite,4/9/2026,0,0,806.24,4,0,0,0,0
582911732508457170,CP_US_FY26_DSP_Conversion_ROAS_Consumer_Compact/Mini-Tower_AllDevice_O&O+Offsite,4/10/2026,0,0,1899.05,4,0,0,0,0
582911732508457170,CP_US_FY26_DSP_Conversion_ROAS_Consumer_Compact/Mini-Tower_AllDevice_O&O+Offsite,4/11/2026,0,0,239.95,1,0,0,1,239.95
582911732508457170,CP_US_FY26_DSP_Conversion_ROAS_Consumer_Compact/Mini-Tower_AllDevice_O&O+Offsite,4/12/2026,0,0,239.95,1,0,0,1,239.95
582911732508457170,CP_US_FY26_DSP_Conversion_ROAS_Consumer_Compact/Mini-Tower_AllDevice_O&O+Offsite,4/13/2026,0,0,854.9,3,0,0,0,0
582911732508457170,CP_US_FY26_DSP_Conversion_ROAS_Consumer_Compact/Mini-Tower_AllDevice_O&O+Offsite,4/14/2026,0,0,0,0,0,0,0,0
582911732508457170,CP_US_FY26_DSP_Conversion_ROAS_Consumer_Compact/Mini-Tower_AllDevice_O&O+Offsite,4/15/2026,0,0,0,0,0,0,0,0
582911732508457170,CP_US_FY26_DSP_Conversion_ROAS_Consumer_Compact/Mini-Tower_AllDevice_O&O+Offsite,4/16/2026,0,0,0,0,0,0,0,0
577512736499291190,CP_US_FY26_DSP_Conversion_ROAS_Business_Compact/Mini-Tower_Display_O&O,1/9/2026,1360.550568,1360.550568,10761.28,32,224945,130,19,5440.09
577512736499291190,CP_US_FY26_DSP_Conversion_ROAS_Business_Compact/Mini-Tower_Display_O&O,1/10/2026,1633.102545,1633.102545,5684.13,20,291668,170,16,4970.54
577512736499291190,CP_US_FY26_DSP_Conversion_ROAS_Business_Compact/Mini-Tower_Display_O&O,1/11/2026,1613.518226,1613.518226,8875.11,32,295294,201,23,6663.74
577512736499291190,CP_US_FY26_DSP_Conversion_ROAS_Business_Compact/Mini-Tower_Display_O&O,1/12/2026,1598.819784,1598.819784,19974.86,72,293857,130,35,9240.01
577512736499291190,CP_US_FY26_DSP_Conversion_ROAS_Business_Compact/Mini-Tower_Display_O&O,1/13/2026,1591.723051,1591.723051,28269.77,67,270584,100,46,13420.76
577512736499291190,CP_US_FY26_DSP_Conversion_ROAS_Business_Compact/Mini-Tower_Display_O&O,1/14/2026,1560.742844,1560.742844,8392.89,36,266897,139,14,2391.66
577512736499291190,CP_US_FY26_DSP_Conversion_ROAS_Business_Compact/Mini-Tower_Display_O&O,1/15/2026,1632.614102,1632.614102,20205.59,57,294105,120,36,9040.2
577512736499291190,CP_US_FY26_DSP_Conversion_ROAS_Business_Compact/Mini-Tower_Display_O&O,1/16/2026,1601.296639,1601.296639,9107.83,37,251256,67,15,2582.23
577512736499291190,CP_US_FY26_DSP_Conversion_ROAS_Business_Compact/Mini-Tower_Display_O&O,1/17/2026,1538.482739,1538.482739,8603.87,29,233987,129,23,5111.67
577512736499291190,CP_US_FY26_DSP_Conversion_ROAS_Business_Compact/Mini-Tower_Display_O&O,1/18/2026,1595.169413,1595.169413,3752.08,20,268996,115,14,2503.38
577512736499291190,CP_US_FY26_DSP_Conversion_ROAS_Business_Compact/Mini-Tower_Display_O&O,1/19/2026,1604.158322,1604.158322,10129.82,42,294779,97,24,5632.39
577512736499291190,CP_US_FY26_DSP_Conversion_ROAS_Business_Compact/Mini-Tower_Display_O&O,1/20/2026,1598.193654,1598.193654,13253.74,59,273004,75,30,5577.24
577512736499291190,CP_US_FY26_DSP_Conversion_ROAS_Business_Compact/Mini-Tower_Display_O&O,1/21/2026,1448.539409,1448.539409,19505.77,83,274328,101,50,10060.98
577512736499291190,CP_US_FY26_DSP_Conversion_ROAS_Business_Compact/Mini-Tower_Display_O&O,1/22/2026,1566.755032,1566.755032,15584.91,70,329490,97,34,6338.06
577512736499291190,CP_US_FY26_DSP_Conversion_ROAS_Business_Compact/Mini-Tower_Display_O&O,1/23/2026,1562.045554,1562.045554,12468.95,49,335908,86,27,6709.09
577512736499291190,CP_US_FY26_DSP_Conversion_ROAS_Business_Compact/Mini-Tower_Display_O&O,1/24/2026,1576.571951,1576.571951,4524.73,26,315915,99,19,3091.05
577512736499291190,CP_US_FY26_DSP_Conversion_ROAS_Business_Compact/Mini-Tower_Display_O&O,1/25/2026,1564.417267,1564.417267,6288.65,28,265179,116,22,4316.01
577512736499291190,CP_US_FY26_DSP_Conversion_ROAS_Business_Compact/Mini-Tower_Display_O&O,1/26/2026,1548.757714,1548.757714,13418.85,48,257827,79,21,6897.83
577512736499291190,CP_US_FY26_DSP_Conversion_ROAS_Business_Compact/Mini-Tower_Display_O&O,1/27/2026,1558.797866,1558.797866,19926.5,69,306931,93,26,5880.79
577512736499291190,CP_US_FY26_DSP_Conversion_ROAS_Business_Compact/Mini-Tower_Display_O&O,1/28/2026,1473.225367,1473.225367,7090.18,36,274649,78,14,2574.14
577512736499291190,CP_US_FY26_DSP_Conversion_ROAS_Business_Compact/Mini-Tower_Display_O&O,1/29/2026,1469.148976,1469.148976,9452.32,41,268480,64,19,4549.57
577512736499291190,CP_US_FY26_DSP_Conversion_ROAS_Business_Compact/Mini-Tower_Display_O&O,1/30/2026,1593.187381,1593.187381,10660.64,43,281684,62,22,4682.01
577512736499291190,CP_US_FY26_DSP_Conversion_ROAS_Business_Compact/Mini-Tower_Display_O&O,1/31/2026,1530.11297,1530.11297,3653.44,16,314293,75,11,2721.35
577512736499291190,CP_US_FY26_DSP_Conversion_ROAS_Business_Compact/Mini-Tower_Display_O&O,2/1/2026,1588.952754,1588.952754,3038.04,15,221172,58,12,2323.4
577512736499291190,CP_US_FY26_DSP_Conversion_ROAS_Business_Compact/Mini-Tower_Display_O&O,2/2/2026,1459.388851,1459.388851,9055.04,34,314370,50,16,3128.97
577512736499291190,CP_US_FY26_DSP_Conversion_ROAS_Business_Compact/Mini-Tower_Display_O&O,2/3/2026,1466.34613,1466.34613,9522,37,315450,79,15,3279.38
577512736499291190,CP_US_FY26_DSP_Conversion_ROAS_Business_Compact/Mini-Tower_Display_O&O,2/4/2026,1480.494098,1480.494098,17074.24,50,215679,50,20,6684.76
577512736499291190,CP_US_FY26_DSP_Conversion_ROAS_Business_Compact/Mini-Tower_Display_O&O,2/5/2026,1531.164465,1531.164465,12171.1,39,218637,50,16,2964.64
577512736499291190,CP_US_FY26_DSP_Conversion_ROAS_Business_Compact/Mini-Tower_Display_O&O,2/6/2026,1561.937065,1561.937065,7885.33,29,334093,65,11,2902.35
577512736499291190,CP_US_FY26_DSP_Conversion_ROAS_Business_Compact/Mini-Tower_Display_O&O,2/7/2026,1548.690252,1548.690252,4811.04,15,329181,84,8,1095.1
577512736499291190,CP_US_FY26_DSP_Conversion_ROAS_Business_Compact/Mini-Tower_Display_O&O,2/8/2026,1556.538347,1556.538347,2248.24,11,310845,68,8,1715.6
577512736499291190,CP_US_FY26_DSP_Conversion_ROAS_Business_Compact/Mini-Tower_Display_O&O,2/9/2026,1558.338566,1558.338566,11484.07,40,334246,76,15,4455.97
577512736499291190,CP_US_FY26_DSP_Conversion_ROAS_Business_Compact/Mini-Tower_Display_O&O,2/10/2026,547.6065291,547.6065291,13377.85,33,86638,27,13,3926.87
577512736499291190,CP_US_FY26_DSP_Conversion_ROAS_Business_Compact/Mini-Tower_Display_O&O,2/11/2026,560.8029382,560.8029382,6662.05,21,95063,17,11,3858.6
577512736499291190,CP_US_FY26_DSP_Conversion_ROAS_Business_Compact/Mini-Tower_Display_O&O,2/12/2026,567.1150613,567.1150613,8644.23,24,93900,40,14,3889.44
577512736499291190,CP_US_FY26_DSP_Conversion_ROAS_Business_Compact/Mini-Tower_Display_O&O,2/13/2026,566.8256225,566.8256225,5455.33,24,77062,20,10,1870.9
577512736499291190,CP_US_FY26_DSP_Conversion_ROAS_Business_Compact/Mini-Tower_Display_O&O,2/14/2026,570.1068579,570.1068579,2715.32,12,132630,29,7,1157.68
577512736499291190,CP_US_FY26_DSP_Conversion_ROAS_Business_Compact/Mini-Tower_Display_O&O,2/15/2026,564.6663478,564.6663478,2212.78,14,153073,39,11,1980.19
577512736499291190,CP_US_FY26_DSP_Conversion_ROAS_Business_Compact/Mini-Tower_Display_O&O,2/16/2026,565.8311588,565.8311588,6744.85,16,146703,34,7,1849.96
577512736499291190,CP_US_FY26_DSP_Conversion_ROAS_Business_Compact/Mini-Tower_Display_O&O,2/17/2026,568.8725939,568.8725939,7486.56,23,131917,26,13,3590.48
577512736499291190,CP_US_FY26_DSP_Conversion_ROAS_Business_Compact/Mini-Tower_Display_O&O,2/18/2026,571.4488434,571.4488434,3551.92,23,113175,20,15,2421.26
577512736499291190,CP_US_FY26_DSP_Conversion_ROAS_Business_Compact/Mini-Tower_Display_O&O,2/19/2026,567.8710655,567.8710655,5955.12,27,140597,26,10,1250.14
577512736499291190,CP_US_FY26_DSP_Conversion_ROAS_Business_Compact/Mini-Tower_Display_O&O,2/20/2026,570.2948405,570.2948405,5320.13,24,135823,23,15,2949.33
577512736499291190,CP_US_FY26_DSP_Conversion_ROAS_Business_Compact/Mini-Tower_Display_O&O,2/21/2026,572.2774779,572.2774779,6019.67,14,159213,32,8,5315.39
577512736499291190,CP_US_FY26_DSP_Conversion_ROAS_Business_Compact/Mini-Tower_Display_O&O,2/22/2026,568.1438221,568.1438221,534.79,5,147718,20,3,359.89
577512736499291190,CP_US_FY26_DSP_Conversion_ROAS_Business_Compact/Mini-Tower_Display_O&O,2/23/2026,569.754515,569.754515,4700.37,24,131187,18,13,2381.98
577512736499291190,CP_US_FY26_DSP_Conversion_ROAS_Business_Compact/Mini-Tower_Display_O&O,2/24/2026,571.2644843,571.2644843,9390.6,27,145384,32,7,1248.83
577512736499291190,CP_US_FY26_DSP_Conversion_ROAS_Business_Compact/Mini-Tower_Display_O&O,2/25/2026,573.8419465,573.8419465,4208.19,14,156962,25,4,736.8
577512736499291190,CP_US_FY26_DSP_Conversion_ROAS_Business_Compact/Mini-Tower_Display_O&O,2/26/2026,572.835489,572.835489,2610.19,12,163243,23,9,1698.59
577512736499291190,CP_US_FY26_DSP_Conversion_ROAS_Business_Compact/Mini-Tower_Display_O&O,2/27/2026,573.0025265,573.0025265,6134.59,16,177894,26,3,508.86
577512736499291190,CP_US_FY26_DSP_Conversion_ROAS_Business_Compact/Mini-Tower_Display_O&O,2/28/2026,571.5808141,571.5808141,1413.21,4,171608,21,2,280.31
577512736499291190,CP_US_FY26_DSP_Conversion_ROAS_Business_Compact/Mini-Tower_Display_O&O,3/1/2026,571.0602064,571.0602064,1055.52,5,184168,24,2,261.4
577512736499291190,CP_US_FY26_DSP_Conversion_ROAS_Business_Compact/Mini-Tower_Display_O&O,3/2/2026,570.4745337,570.4745337,2733.3,12,177401,29,3,529.85
577512736499291190,CP_US_FY26_DSP_Conversion_ROAS_Business_Compact/Mini-Tower_Display_O&O,3/3/2026,568.5572242,568.5572242,5150.49,4,173934,31,1,3836.8
577512736499291190,CP_US_FY26_DSP_Conversion_ROAS_Business_Compact/Mini-Tower_Display_O&O,3/4/2026,571.3491531,571.3491531,8986.53,10,164252,20,3,5654.23
577512736499291190,CP_US_FY26_DSP_Conversion_ROAS_Business_Compact/Mini-Tower_Display_O&O,3/5/2026,540.5636121,540.5636121,3111.17,8,135271,24,5,2220.49
577512736499291190,CP_US_FY26_DSP_Conversion_ROAS_Business_Compact/Mini-Tower_Display_O&O,3/6/2026,569.7557698,569.7557698,5910.83,10,145251,22,4,2858.1
577512736499291190,CP_US_FY26_DSP_Conversion_ROAS_Business_Compact/Mini-Tower_Display_O&O,3/7/2026,571.5355666,571.5355666,2054.9,10,146260,24,4,1062.95
577512736499291190,CP_US_FY26_DSP_Conversion_ROAS_Business_Compact/Mini-Tower_Display_O&O,3/8/2026,565.4694995,565.4694995,24.95,1,144674,25,0,0
577512736499291190,CP_US_FY26_DSP_Conversion_ROAS_Business_Compact/Mini-Tower_Display_O&O,3/9/2026,564.3938955,564.3938955,10076.43,33,139149,19,18,3187.3
577512736499291190,CP_US_FY26_DSP_Conversion_ROAS_Business_Compact/Mini-Tower_Display_O&O,3/10/2026,1190.720532,1190.720532,12434.44,37,577352,118,9,2101.61
577512736499291190,CP_US_FY26_DSP_Conversion_ROAS_Business_Compact/Mini-Tower_Display_O&O,3/11/2026,503.1020284,503.1020284,6351.29,30,231121,38,14,3174.34
577512736499291190,CP_US_FY26_DSP_Conversion_ROAS_Business_Compact/Mini-Tower_Display_O&O,3/12/2026,446.9155757,446.9155757,6943.09,21,253306,49,6,1175.24
577512736499291190,CP_US_FY26_DSP_Conversion_ROAS_Business_Compact/Mini-Tower_Display_O&O,3/13/2026,455.5189339,455.5189339,2795.27,14,319228,33,7,1167.64
577512736499291190,CP_US_FY26_DSP_Conversion_ROAS_Business_Compact/Mini-Tower_Display_O&O,3/14/2026,439.6531449,439.6531449,6150.05,7,347708,68,2,829.85
577512736499291190,CP_US_FY26_DSP_Conversion_ROAS_Business_Compact/Mini-Tower_Display_O&O,3/15/2026,443.7324841,443.7324841,596.85,3,348672,47,3,596.85
577512736499291190,CP_US_FY26_DSP_Conversion_ROAS_Business_Compact/Mini-Tower_Display_O&O,3/16/2026,441.8574108,441.8574108,10045.68,31,319103,29,19,6050.16
577512736499291190,CP_US_FY26_DSP_Conversion_ROAS_Business_Compact/Mini-Tower_Display_O&O,3/17/2026,1402.280974,1402.280974,11384.02,36,721574,106,10,2082.1
577512736499291190,CP_US_FY26_DSP_Conversion_ROAS_Business_Compact/Mini-Tower_Display_O&O,3/18/2026,1476.591435,1476.591435,5159.86,21,729670,125,4,745.52
577512736499291190,CP_US_FY26_DSP_Conversion_ROAS_Business_Compact/Mini-Tower_Display_O&O,3/19/2026,1470.939001,1470.939001,6443.93,30,683461,131,8,1452.83
577512736499291190,CP_US_FY26_DSP_Conversion_ROAS_Business_Compact/Mini-Tower_Display_O&O,3/20/2026,1475.107729,1475.107729,11092.01,28,609705,128,12,6758.39
577512736499291190,CP_US_FY26_DSP_Conversion_ROAS_Business_Compact/Mini-Tower_Display_O&O,3/21/2026,1471.404536,1471.404536,1135.65,7,652596,141,7,1135.65
577512736499291190,CP_US_FY26_DSP_Conversion_ROAS_Business_Compact/Mini-Tower_Display_O&O,3/22/2026,1481.249378,1481.249378,1309.55,7,629878,286,5,837.75
577512736499291190,CP_US_FY26_DSP_Conversion_ROAS_Business_Compact/Mini-Tower_Display_O&O,3/23/2026,653.4740188,653.4740188,6250.39,25,324492,116,8,1125.88
577512736499291190,CP_US_FY26_DSP_Conversion_ROAS_Business_Compact/Mini-Tower_Display_O&O,3/24/2026,628.7380291,628.7380291,6387.45,13,404443,72,4,885.75
577512736499291190,CP_US_FY26_DSP_Conversion_ROAS_Business_Compact/Mini-Tower_Display_O&O,3/25/2026,696.1762846,696.1762846,6055.61,26,436939,67,11,1119.37
577512736499291190,CP_US_FY26_DSP_Conversion_ROAS_Business_Compact/Mini-Tower_Display_O&O,3/26/2026,682.0735418,682.0735418,3677.75,13,482067,82,6,1207.53
577512736499291190,CP_US_FY26_DSP_Conversion_ROAS_Business_Compact/Mini-Tower_Display_O&O,3/27/2026,693.9617912,693.9617912,3696.51,17,407135,64,3,659.85
577512736499291190,CP_US_FY26_DSP_Conversion_ROAS_Business_Compact/Mini-Tower_Display_O&O,3/28/2026,705.5367806,705.5367806,840.54,6,497619,84,2,222.9
577512736499291190,CP_US_FY26_DSP_Conversion_ROAS_Business_Compact/Mini-Tower_Display_O&O,3/29/2026,266.309833,266.309833,802.02,4,205381,29,4,802.02
577512736499291190,CP_US_FY26_DSP_Conversion_ROAS_Business_Compact/Mini-Tower_Display_O&O,3/30/2026,283.4741014,283.4741014,3804.76,18,188648,25,6,1076.79
577512736499291190,CP_US_FY26_DSP_Conversion_ROAS_Business_Compact/Mini-Tower_Display_O&O,3/31/2026,273.3082701,273.3082701,4789.32,20,176925,20,8,1747.97
577512736499291190,CP_US_FY26_DSP_Conversion_ROAS_Business_Compact/Mini-Tower_Display_O&O,4/1/2026,0.3514783,0.3514783,779.7,1,285,0,0,0
577512736499291190,CP_US_FY26_DSP_Conversion_ROAS_Business_Compact/Mini-Tower_Display_O&O,4/2/2026,0,0,119.9,1,0,0,1,119.9
577512736499291190,CP_US_FY26_DSP_Conversion_ROAS_Business_Compact/Mini-Tower_Display_O&O,4/3/2026,0,0,668.77,4,0,0,2,368.92
577512736499291190,CP_US_FY26_DSP_Conversion_ROAS_Business_Compact/Mini-Tower_Display_O&O,4/4/2026,0,0,239.95,2,0,0,1,239.95
577512736499291190,CP_US_FY26_DSP_Conversion_ROAS_Business_Compact/Mini-Tower_Display_O&O,4/5/2026,0,0,199.95,1,0,0,1,199.95
577512736499291190,CP_US_FY26_DSP_Conversion_ROAS_Business_Compact/Mini-Tower_Display_O&O,4/6/2026,0,0,101.04,1,0,0,1,101.04
577512736499291190,CP_US_FY26_DSP_Conversion_ROAS_Business_Compact/Mini-Tower_Display_O&O,4/7/2026,0,0,256.4,1,0,0,0,0
577512736499291190,CP_US_FY26_DSP_Conversion_ROAS_Business_Compact/Mini-Tower_Display_O&O,4/8/2026,0,0,369.9,2,0,0,2,369.9
577512736499291190,CP_US_FY26_DSP_Conversion_ROAS_Business_Compact/Mini-Tower_Display_O&O,4/9/2026,0,0,97.51,1,0,0,0,0
577512736499291190,CP_US_FY26_DSP_Conversion_ROAS_Business_Compact/Mini-Tower_Display_O&O,4/10/2026,0,0,555.75,4,0,0,2,315.9
577512736499291190,CP_US_FY26_DSP_Conversion_ROAS_Business_Compact/Mini-Tower_Display_O&O,4/11/2026,0,0,179.95,1,0,0,1,179.95
577512736499291190,CP_US_FY26_DSP_Conversion_ROAS_Business_Compact/Mini-Tower_Display_O&O,4/12/2026,0,0,0,0,0,0,0,0
577512736499291190,CP_US_FY26_DSP_Conversion_ROAS_Business_Compact/Mini-Tower_Display_O&O,4/13/2026,0,0,115.95,1,0,0,1,115.95
577512736499291190,CP_US_FY26_DSP_Conversion_ROAS_Business_Compact/Mini-Tower_Display_O&O,4/14/2026,0,0,227.95,1,0,0,1,227.95
577512736499291190,CP_US_FY26_DSP_Conversion_ROAS_Business_Compact/Mini-Tower_Display_O&O,4/15/2026,0,0,0,0,0,0,0,0
577512736499291190,CP_US_FY26_DSP_Conversion_ROAS_Business_Compact/Mini-Tower_Display_O&O,4/16/2026,0,0,0,0,0,0,0,0
586368505524283339,CP_US_FY26_DSP_Conversion_ROAS_Business_Rackmount,1/1/2026,428.9710724,428.9710724,142.45,1,47484,413,1,142.45
586368505524283339,CP_US_FY26_DSP_Conversion_ROAS_Business_Rackmount,1/2/2026,764.4204715,764.4204715,2344.81,6,76722,390,2,503.4
586368505524283339,CP_US_FY26_DSP_Conversion_ROAS_Business_Rackmount,1/3/2026,565.9743085,565.9743085,1293.08,5,53444,401,3,550.85
586368505524283339,CP_US_FY26_DSP_Conversion_ROAS_Business_Rackmount,1/4/2026,574.76271,574.76271,4110.13,13,54558,412,1,64.74
586368505524283339,CP_US_FY26_DSP_Conversion_ROAS_Business_Rackmount,1/5/2026,1223.884029,1223.884029,10595.65,25,106437,299,5,1478.75
586368505524283339,CP_US_FY26_DSP_Conversion_ROAS_Business_Rackmount,1/6/2026,2076.366548,2076.366548,16092.58,42,135051,342,16,3884.21
586368505524283339,CP_US_FY26_DSP_Conversion_ROAS_Business_Rackmount,1/7/2026,2173.684284,2173.684284,10957.4,33,154459,791,12,4277.13
586368505524283339,CP_US_FY26_DSP_Conversion_ROAS_Business_Rackmount,1/8/2026,2045.310183,2045.310183,22427.6,34,137037,486,4,12272.6
586368505524283339,CP_US_FY26_DSP_Conversion_ROAS_Business_Rackmount,1/9/2026,1847.334104,1847.334104,5787.9,23,118347,277,5,1124.86
586368505524283339,CP_US_FY26_DSP_Conversion_ROAS_Business_Rackmount,1/10/2026,1264.579785,1264.579785,2967.45,9,69307,267,2,1075.85
586368505524283339,CP_US_FY26_DSP_Conversion_ROAS_Business_Rackmount,1/11/2026,1234.619498,1234.619498,357.85,3,69076,308,0,0
586368505524283339,CP_US_FY26_DSP_Conversion_ROAS_Business_Rackmount,1/12/2026,2240.539309,2240.539309,14076.64,38,141518,235,11,1945.39
586368505524283339,CP_US_FY26_DSP_Conversion_ROAS_Business_Rackmount,1/13/2026,2297.939198,2297.939198,11073.4,34,134375,262,12,5985.35
586368505524283339,CP_US_FY26_DSP_Conversion_ROAS_Business_Rackmount,1/14/2026,2156.95185,2156.95185,7845.76,22,160783,695,6,3302.23
586368505524283339,CP_US_FY26_DSP_Conversion_ROAS_Business_Rackmount,1/15/2026,1830.559725,1830.559725,4524.9,20,136825,369,6,1334.9
586368505524283339,CP_US_FY26_DSP_Conversion_ROAS_Business_Rackmount,1/16/2026,1537.954871,1537.954871,17100.5,24,115161,305,8,2626.25
586368505524283339,CP_US_FY26_DSP_Conversion_ROAS_Business_Rackmount,1/17/2026,690.3817948,690.3817948,579.3,3,61293,289,1,151.9
586368505524283339,CP_US_FY26_DSP_Conversion_ROAS_Business_Rackmount,1/18/2026,829.6382261,829.6382261,345.32,2,65063,285,2,345.32
586368505524283339,CP_US_FY26_DSP_Conversion_ROAS_Business_Rackmount,1/19/2026,1466.336154,1466.336154,9350.01,23,121716,322,6,3081.46
586368505524283339,CP_US_FY26_DSP_Conversion_ROAS_Business_Rackmount,1/20/2026,1609.634553,1609.634553,12012.51,32,138209,274,7,3069.15
586368505524283339,CP_US_FY26_DSP_Conversion_ROAS_Business_Rackmount,1/21/2026,1870.640201,1870.640201,7807.77,36,169545,662,10,2073.04
586368505524283339,CP_US_FY26_DSP_Conversion_ROAS_Business_Rackmount,1/22/2026,1707.739948,1707.739948,6462.85,20,144451,427,5,1659.84
586368505524283339,CP_US_FY26_DSP_Conversion_ROAS_Business_Rackmount,1/23/2026,1217.065933,1217.065933,5791.98,24,110934,219,5,1132.6
586368505524283339,CP_US_FY26_DSP_Conversion_ROAS_Business_Rackmount,1/24/2026,297.6713632,297.6713632,225.94,2,30779,16,1,75.95
586368505524283339,CP_US_FY26_DSP_Conversion_ROAS_Business_Rackmount,1/25/2026,266.5746447,266.5746447,859.03,3,28900,7,0,0
586368505524283339,CP_US_FY26_DSP_Conversion_ROAS_Business_Rackmount,1/26/2026,1112.678316,1112.678316,11077.19,26,100407,11,3,3018.4
586368505524283339,CP_US_FY26_DSP_Conversion_ROAS_Business_Rackmount,1/27/2026,1133.633269,1133.633269,12184.11,40,105981,21,13,6065.1
586368505524283339,CP_US_FY26_DSP_Conversion_ROAS_Business_Rackmount,1/28/2026,1049.893549,1049.893549,6732.45,21,105965,12,5,1236.75
586368505524283339,CP_US_FY26_DSP_Conversion_ROAS_Business_Rackmount,1/29/2026,977.9226211,977.9226211,9741.5,27,101126,12,5,2064.55
586368505524283339,CP_US_FY26_DSP_Conversion_ROAS_Business_Rackmount,1/30/2026,927.7748038,927.7748038,13718.58,34,87079,8,8,3019.93
586368505524283339,CP_US_FY26_DSP_Conversion_ROAS_Business_Rackmount,1/31/2026,299.5696725,299.5696725,0,0,28980,11,0,0
586368505524283339,CP_US_FY26_DSP_Conversion_ROAS_Business_Rackmount,2/1/2026,295.1044142,295.1044142,642.05,3,29079,8,1,113.95
586368505524283339,CP_US_FY26_DSP_Conversion_ROAS_Business_Rackmount,2/2/2026,1302.097788,1302.097788,11841.91,31,125284,20,9,3958.22
586368505524283339,CP_US_FY26_DSP_Conversion_ROAS_Business_Rackmount,2/3/2026,1068.269599,1068.269599,10363.93,28,110313,14,5,1054.25
586368505524283339,CP_US_FY26_DSP_Conversion_ROAS_Business_Rackmount,2/4/2026,1074.92892,1074.92892,6717.83,24,107509,14,1,409.95
586368505524283339,CP_US_FY26_DSP_Conversion_ROAS_Business_Rackmount,2/5/2026,1075.79643,1075.79643,11350.71,30,105662,17,5,951.05
586368505524283339,CP_US_FY26_DSP_Conversion_ROAS_Business_Rackmount,2/6/2026,954.713779,954.713779,2830.72,13,91113,10,1,59.95
586368505524283339,CP_US_FY26_DSP_Conversion_ROAS_Business_Rackmount,2/7/2026,281.3911098,281.3911098,1328.89,7,29713,12,3,455.09
586368505524283339,CP_US_FY26_DSP_Conversion_ROAS_Business_Rackmount,2/8/2026,272.8660448,272.8660448,795.5,4,27954,19,2,384.6
586368505524283339,CP_US_FY26_DSP_Conversion_ROAS_Business_Rackmount,2/9/2026,1233.905037,1233.905037,19849.76,46,119488,13,8,2422.99
586368505524283339,CP_US_FY26_DSP_Conversion_ROAS_Business_Rackmount,2/10/2026,1074.583515,1074.583515,21639.59,24,104566,21,11,3208.17
586368505524283339,CP_US_FY26_DSP_Conversion_ROAS_Business_Rackmount,2/11/2026,1051.03014,1051.03014,4743.56,24,106246,8,5,851.34
586368505524283339,CP_US_FY26_DSP_Conversion_ROAS_Business_Rackmount,2/12/2026,1005.114977,1005.114977,2645.84,16,99640,8,2,346.95
586368505524283339,CP_US_FY26_DSP_Conversion_ROAS_Business_Rackmount,2/13/2026,859.3523575,859.3523575,10700.25,18,87372,30,2,383.89
586368505524283339,CP_US_FY26_DSP_Conversion_ROAS_Business_Rackmount,2/14/2026,270.8654512,270.8654512,377.9,2,28158,25,2,377.9
586368505524283339,CP_US_FY26_DSP_Conversion_ROAS_Business_Rackmount,2/15/2026,261.7644779,261.7644779,655.4,2,26034,8,2,655.4
586368505524283339,CP_US_FY26_DSP_Conversion_ROAS_Business_Rackmount,2/16/2026,922.3578947,922.3578947,3895.22,14,90558,12,4,1211.33
586368505524283339,CP_US_FY26_DSP_Conversion_ROAS_Business_Rackmount,2/17/2026,949.4164689,949.4164689,8046.83,24,101990,11,7,2596.63
586368505524283339,CP_US_FY26_DSP_Conversion_ROAS_Business_Rackmount,2/18/2026,939.3894665,939.3894665,13825.7,40,99954,14,10,2238.28
586368505524283339,CP_US_FY26_DSP_Conversion_ROAS_Business_Rackmount,2/19/2026,953.8465805,953.8465805,10463.49,26,105730,8,5,877.78
586368505524283339,CP_US_FY26_DSP_Conversion_ROAS_Business_Rackmount,2/20/2026,1015.935098,1015.935098,7317.87,23,105109,10,10,2258.31
586368505524283339,CP_US_FY26_DSP_Conversion_ROAS_Business_Rackmount,2/21/2026,318.477053,318.477053,1257.75,4,34137,12,1,679.95
586368505524283339,CP_US_FY26_DSP_Conversion_ROAS_Business_Rackmount,2/22/2026,313.2544631,313.2544631,265.3,2,33485,13,1,85.45
586368505524283339,CP_US_FY26_DSP_Conversion_ROAS_Business_Rackmount,2/23/2026,1323.812913,1323.812913,6444.99,21,134915,23,8,2906
586368505524283339,CP_US_FY26_DSP_Conversion_ROAS_Business_Rackmount,2/24/2026,1312.001101,1312.001101,17008.37,24,139535,35,4,4005.9
586368505524283339,CP_US_FY26_DSP_Conversion_ROAS_Business_Rackmount,2/25/2026,1385.993269,1385.993269,13953.67,34,150058,46,8,4492.01
586368505524283339,CP_US_FY26_DSP_Conversion_ROAS_Business_Rackmount,2/26/2026,1421.103324,1421.103324,8043.06,29,163043,49,6,1505.35
586368505524283339,CP_US_FY26_DSP_Conversion_ROAS_Business_Rackmount,2/27/2026,1181.00215,1181.00215,5751.08,15,127207,51,3,947.35
586368505524283339,CP_US_FY26_DSP_Conversion_ROAS_Business_Rackmount,2/28/2026,362.1700606,362.1700606,381.71,2,41668,39,1,313.45
586368505524283339,CP_US_FY26_DSP_Conversion_ROAS_Business_Rackmount,3/1/2026,357.6816863,357.6816863,512.85,2,41101,25,0,0
586368505524283339,CP_US_FY26_DSP_Conversion_ROAS_Business_Rackmount,3/2/2026,1326.068195,1326.068195,12640.78,30,165665,15,4,710.4
586368505524283339,CP_US_FY26_DSP_Conversion_ROAS_Business_Rackmount,3/3/2026,1319.13711,1319.13711,16955.89,33,149004,16,3,1313.7
586368505524283339,CP_US_FY26_DSP_Conversion_ROAS_Business_Rackmount,3/4/2026,1400.269848,1400.269848,16325.69,33,149726,8,4,2713.55
586368505524283339,CP_US_FY26_DSP_Conversion_ROAS_Business_Rackmount,3/5/2026,1189.510367,1189.510367,6584.32,18,124295,11,6,2451.5
586368505524283339,CP_US_FY26_DSP_Conversion_ROAS_Business_Rackmount,3/6/2026,1302.307612,1302.307612,15305.33,40,128257,13,6,2379.27
586368505524283339,CP_US_FY26_DSP_Conversion_ROAS_Business_Rackmount,3/7/2026,426.2898659,426.2898659,1740.5,8,42815,14,0,0
586368505524283339,CP_US_FY26_DSP_Conversion_ROAS_Business_Rackmount,3/8/2026,440.5306018,440.5306018,273.69,2,43404,11,2,273.69
586368505524283339,CP_US_FY26_DSP_Conversion_ROAS_Business_Rackmount,3/9/2026,1785.661243,1785.661243,12748.33,31,167092,29,14,6571.99
586368505524283339,CP_US_FY26_DSP_Conversion_ROAS_Business_Rackmount,3/10/2026,1237.898453,1237.898453,22594.34,41,126450,15,7,1907.8
586368505524283339,CP_US_FY26_DSP_Conversion_ROAS_Business_Rackmount,3/11/2026,1171.429889,1171.429889,8956.83,37,119841,14,6,702.17
586368505524283339,CP_US_FY26_DSP_Conversion_ROAS_Business_Rackmount,3/12/2026,687.1136972,687.1136972,10127.8,22,70891,9,6,5444.3
586368505524283339,CP_US_FY26_DSP_Conversion_ROAS_Business_Rackmount,3/13/2026,388.4740646,388.4740646,10982.62,25,58988,9,2,705.95
586368505524283339,CP_US_FY26_DSP_Conversion_ROAS_Business_Rackmount,3/14/2026,400.0839257,400.0839257,1949.95,2,44927,5,1,269.95
586368505524283339,CP_US_FY26_DSP_Conversion_ROAS_Business_Rackmount,3/15/2026,409.8973314,409.8973314,731.4,2,43859,24,1,341.95
586368505524283339,CP_US_FY26_DSP_Conversion_ROAS_Business_Rackmount,3/16/2026,439.1566273,439.1566273,17387.16,32,63459,19,10,6427.71
586368505524283339,CP_US_FY26_DSP_Conversion_ROAS_Business_Rackmount,3/17/2026,1184.432092,1184.432092,17104.18,27,139243,17,10,6038.45
586368505524283339,CP_US_FY26_DSP_Conversion_ROAS_Business_Rackmount,3/18/2026,1396.104524,1396.104524,11785.48,31,137574,21,12,5528.59
586368505524283339,CP_US_FY26_DSP_Conversion_ROAS_Business_Rackmount,3/19/2026,1390.270938,1390.270938,8966.55,21,135543,15,5,1429.5
586368505524283339,CP_US_FY26_DSP_Conversion_ROAS_Business_Rackmount,3/20/2026,1310.856575,1310.856575,6266.29,23,117922,7,5,994.49
586368505524283339,CP_US_FY26_DSP_Conversion_ROAS_Business_Rackmount,3/21/2026,468.1635591,468.1635591,1139.8,2,42251,8,1,1025.85
586368505524283339,CP_US_FY26_DSP_Conversion_ROAS_Business_Rackmount,3/22/2026,455.0412669,455.0412669,578.6,2,42965,10,1,59.95
586368505524283339,CP_US_FY26_DSP_Conversion_ROAS_Business_Rackmount,3/23/2026,849.2257913,849.2257913,13675.09,23,75777,7,2,404.95
586368505524283339,CP_US_FY26_DSP_Conversion_ROAS_Business_Rackmount,3/24/2026,478.6787564,478.6787564,8158.7,18,79821,8,3,1255.8
586368505524283339,CP_US_FY26_DSP_Conversion_ROAS_Business_Rackmount,3/25/2026,559.4333024,559.4333024,7476.48,18,84430,12,1,208.95
586368505524283339,CP_US_FY26_DSP_Conversion_ROAS_Business_Rackmount,3/26/2026,546.7545986,546.7545986,7062.61,21,83955,12,4,808.8
586368505524283339,CP_US_FY26_DSP_Conversion_ROAS_Business_Rackmount,3/27/2026,541.2851267,541.2851267,7369.75,19,81452,13,5,2474.75
586368505524283339,CP_US_FY26_DSP_Conversion_ROAS_Business_Rackmount,3/28/2026,436.927945,436.927945,791.75,5,45081,9,0,0
586368505524283339,CP_US_FY26_DSP_Conversion_ROAS_Business_Rackmount,3/29/2026,324.5191523,324.5191523,578.7,3,38098,9,0,0
586368505524283339,CP_US_FY26_DSP_Conversion_ROAS_Business_Rackmount,3/30/2026,270.4618354,270.4618354,11836.44,28,52191,9,5,1987.75
586368505524283339,CP_US_FY26_DSP_Conversion_ROAS_Business_Rackmount,3/31/2026,306.2731074,306.2731074,12661.85,29,55867,9,5,1372.59
586368505524283339,CP_US_FY26_DSP_Conversion_ROAS_Business_Rackmount,4/1/2026,0.40214875,0.40214875,3739.55,8,73,0,2,2666.9
586368505524283339,CP_US_FY26_DSP_Conversion_ROAS_Business_Rackmount,4/2/2026,0,0,1660.73,3,0,0,1,339.95
586368505524283339,CP_US_FY26_DSP_Conversion_ROAS_Business_Rackmount,4/3/2026,0,0,0,0,0,0,0,0
586368505524283339,CP_US_FY26_DSP_Conversion_ROAS_Business_Rackmount,4/4/2026,0,0,0,0,0,0,0,0
586368505524283339,CP_US_FY26_DSP_Conversion_ROAS_Business_Rackmount,4/5/2026,0,0,0,0,0,0,0,0
586368505524283339,CP_US_FY26_DSP_Conversion_ROAS_Business_Rackmount,4/6/2026,0,0,0,0,0,0,0,0
586368505524283339,CP_US_FY26_DSP_Conversion_ROAS_Business_Rackmount,4/7/2026,0,0,208.95,1,0,0,0,0
586368505524283339,CP_US_FY26_DSP_Conversion_ROAS_Business_Rackmount,4/8/2026,0,0,0,0,0,0,0,0
586368505524283339,CP_US_FY26_DSP_Conversion_ROAS_Business_Rackmount,4/9/2026,0,0,0,0,0,0,0,0
586368505524283339,CP_US_FY26_DSP_Conversion_ROAS_Business_Rackmount,4/10/2026,0,0,0,0,0,0,0,0
586368505524283339,CP_US_FY26_DSP_Conversion_ROAS_Business_Rackmount,4/11/2026,0,0,0,0,0,0,0,0
586368505524283339,CP_US_FY26_DSP_Conversion_ROAS_Business_Rackmount,4/12/2026,0,0,0,0,0,0,0,0
586368505524283339,CP_US_FY26_DSP_Conversion_ROAS_Business_Rackmount,4/13/2026,0,0,0,0,0,0,0,0
586368505524283339,CP_US_FY26_DSP_Conversion_ROAS_Business_Rackmount,4/14/2026,0,0,0,0,0,0,0,0
586368505524283339,CP_US_FY26_DSP_Conversion_ROAS_Business_Rackmount,4/15/2026,0,0,0,0,0,0,0,0
586368505524283339,CP_US_FY26_DSP_Conversion_ROAS_Business_Rackmount,4/16/2026,0,0,0,0,0,0,0,0
